"CODRM","NOME_RM","ANO","ESPVIDA","FECTOT","MORT1","MORT5","SOBRE40","SOBRE60","RAZDEP","T_ENV","E_ANOSESTUDO","T_ANALF11A14","T_ANALF15A17","T_ANALF15M","T_ANALF18A24","T_ANALF18M","T_ANALF25A29","T_ANALF25M","T_ATRASO_2_BASICO","T_ATRASO_2_FUND","T_FBBAS","T_FBFUND","T_FBMED","T_FBSUPER","T_FLBAS","T_FLFUND","T_FLMED","T_FLSUPER","T_FREQ0A5","T_FREQ15A17","T_FREQ18A24","T_FREQ25A29","T_FREQ5A6","T_FREQ6A14","T_FREQ6A17","T_FREQFUND1517","T_FREQFUND1824","T_FREQMED1824","T_FUND11A13","T_FUND15A17","T_FUND18A24","T_FUND18M","T_FUND25M","T_MED18A20","T_MED18A24","T_MED18M","T_MED25M","T_SUPER25M","CORTE1","CORTE2","CORTE3","CORTE4","CORTE9","GINI","PIND","PINDCRI","PMPOB","PMPOBCRI","PPOB","PPOBCRI","PREN10RICOS","PREN20","PREN20RICOS","PREN40","PREN60","PREN80","PRENTRAB","R1040","R2040","RDPC","RDPC1","RDPC10","RDPC2","RDPC3","RDPC4","RDPC5","RDPCT","RIND","RMPOB","RPOB","THEIL","P_AGRO","P_COM","P_CONSTR","P_EXTR","P_SERV","P_SIUP","P_TRANSF","CPR","EMP","P_FORMAL","TRABCC","TRABPUB","TRABSC","P_FUND","P_MED","P_SUPER","REN0","REN1","REN2","REN3","REN5","RENOCUP","THEILtrab","T_ATIV","T_ATIV1014","T_ATIV1517","T_ATIV1824","T_ATIV18M","T_ATIV2529","T_DES","T_DES1014","T_DES1517","T_DES1824","T_DES18M","T_DES2529","T_AGUA","T_BANAGUA","T_DENS","T_LIXO","T_LUZ","AGUA_ESGOTO","PAREDE","T_CRIFUNDIN_TODOS","T_FORA0A5","T_FORA6A14","T_FUNDIN_TODOS","T_FUNDIN_TODOS_MMEIO","T_FUNDIN18MINF","T_M10A17CF","T_MULCHEFEFIF014","T_NESTUDA_NTRAB_MMEIO","T_OCUPDESLOC_1","T_RMAXIDOSO","T_SLUZ","T_VULNERA_NESTUDA_NTRAB_MMEIO","T_VULNERA_MULCHEFE","T_VULNERA_RMAXIDOSO","T_VULNERA_OCUPDESLOC_13","HOMEM0A4","HOMEM10A14","HOMEM15A19","HOMEM20A24","HOMEM25A29","HOMEM30A34","HOMEM35A39","HOMEM40A44","HOMEM45A49","HOMEM50A54","HOMEM55A59","HOMEM5A9","HOMEM60A64","HOMEM65A69","HOMEM70A74","HOMEM75A79","HOMENS80","HOMEMTOT","MULH0A4","MULH10A14","MULH15A19","MULH20A24","MULH25A29","MULH30A34","MULH35A39","MULH40A44","MULH45A49","MULH50A54","MULH55A59","MULH5A9","MULH60A64","MULH65A69","MULH70A74","MULH75A79","MULHER80","MULHERTOT","PEA","PEA1014","PEA1517","PEA18M","PESO1","PESO1114","PESO1113","PESO1214","PESO13","PESO15","PESO1517","PESO1524","PESO1618","PESO18","PESO1820","PESO1824","PESO1921","PESO25","PESO4","PESO5","PESO6","PESO610","PESO617","PESO65","PESOM1014","PESOM1517","PESOM15M","PESOM25M","PESORUR","PESOTOT","PESOURB","PIA","PIA1014","PIA1517","PIA18M","POP","POPT","MULCHEFEFDOM","DOMVULNERACOMID","POPVULNERAVEL15A24","OCUPMMEIOD","T_FBFUND_TUDO","T_FBMED_TUDO","T_FBBAS_TUDO","T_FLFUND_TUDO","T_FLMED_TUDO","T_FLBAS_TUDO","T_FUND11A13_TUDO","I_ESCOLARIDADE","I_FREQ_PROP","IDHM","IDHM_E","IDHM_L","IDHM_R"
"61300","RM Manaus (AM)","2000","68.77","2.80","34.20","41.53","89.55","75.22","60.27","3.20","7.99","4.34","2.73","7.65","3.11","8.23","3.97","10.14","37.20","29.17","105.48","118.39","68.97","11.93","82.54","85.77","24.41","4.85","17.05","78.95","35.31","13.70","59.25","88.69","86.14","48.01","11.18","14.93","46.33","29.22","53.09","48.16","46.33","18.62","25.84","30.12","31.72","4.80","97.60","168.27","289.69","571.47","1008.58","0.63","13.23","18.99","32.75","43.77","55.91","67.80","51.83","2.18","67.17","7.48","16.54","32.83","80.00","27.71","17.96","487.67","53.05","2527.48","129.36","220.81","397.39","1637.71","499.47","38.18","77.48","124.50","0.72","6.83","18.35","7.62","0.20","49.04","0.53","15.83","26.64","1.87","49.62","35.44","9.92","23.08","55.80","38.83","5.81","3.12","41.71","72.36","81.09","90.65","1237.63","0.57","","5.49","28.24","65.92","68.21","76.20","","34.92","48.17","34.13","21.72","22.34","86.08","61.59","61.19","90.97","95.33","16.86","","40.03","82.95","11.31","32.14","25.81","44.38","5.48","24.14","18.98","","2.61","4.67","34.18","32.47","45.03","","102391","87915","93737","88816","73353","62808","54448","43240","32827","23527","16138","94716","12616","8915","6436","4121","3641","809645","99336","89056","99417","94408","78165","64589","55338","44439","33457","24021","17468","92873","14106","10743","7896","5211","5664","836187","","9716","32440","658003","40812","142395","105512","108001","120962","1079545","114873","376378","116298","964672","118065","261505","114725","703167","39953","40335","39483","181830","439098","52627","89056","59075","554922","361097","122568","1645832","1523264","1256516","176971","114873","964672","1631641","","","","","","126.00","77.13","113.23","88.77","26.95","86.26","67.16","0.482","0.384","0.585","0.414","0.730","0.661"
"61500","RM Belém (PA)","2000","70.13","2.27","29.40","35.46","90.33","76.92","52.38","4.16","8.64","4.46","2.57","6.04","2.64","6.42","3.45","7.68","35.21","27.85","110.95","120.56","85.11","11.17","86.42","91.48","26.83","6.50","29.44","83.71","39.61","13.29","79.22","94.26","91.40","44.46","7.99","18.79","49.05","31.27","59.01","52.70","50.58","20.06","26.64","30.59","31.91","7.15","109.32","188.67","298.18","585.63","1069.09","0.62","9.19","13.83","28.08","38.70","53.12","65.53","51.96","2.57","66.79","8.15","17.26","33.21","76.52","25.51","16.39","524.82","67.48","2727.01","146.36","239.12","418.62","1752.52","530.82","41.76","83.82","134.40","0.70","2.84","21.82","7.62","0.15","55.54","0.58","9.76","27.99","2.13","46.45","33.40","9.16","25.38","58.30","37.02","8.48","1.97","47.10","75.50","83.13","91.37","1191.39","0.65","","4.09","22.91","59.78","65.36","75.23","","28.31","39.11","32.58","18.42","20.31","95.18","68.57","54.95","90.75","99.04","11.18","","32.64","70.56","5.74","25.39","20.20","40.35","3.94","18.13","16.92","","2.51","0.96","31.07","24.96","42.10","","98829","96806","106668","100192","85902","73672","63545","53680","41787","31672","22656","96705","17621","12465","9040","5453","5128","921819","95375","99077","116254","110357","94668","82327","69727","59485","46938","36301","27075","93964","22073","16919","12880","8145","10565","1002130","","8012","30641","811484","40089","163036","120994","122918","119061","1375307","133746","444458","139211","1241561","141752","310712","137003","930849","41108","40982","41071","193676","490458","82052","101683","69601","729670","497542","64146","1973259","1909113","1571190","195883","133746","1241561","1964065","","","","","","133.10","91.84","121.92","93.65","29.95","91.24","70.41","0.527","0.449","0.621","0.474","0.752","0.672"
"62100","RM Grande São Luís (MA)","2000","68.73","2.24","38.30","49.25","88.43","75.04","54.37","3.77","9.37","4.29","2.88","8.61","3.72","9.33","4.74","11.38","27.81","20.58","110.72","121.58","83.17","11.45","89.77","93.22","38.67","5.79","33.91","86.09","34.49","10.92","88.84","95.86","93.10","41.03","8.33","16.97","62.66","43.78","64.93","57.06","54.17","26.60","34.36","37.84","39.12","6.12","81.66","146.41","244.01","496.39","958.48","0.65","15.30","21.50","38.10","49.19","61.60","72.32","53.94","2.11","69.12","7.15","15.52","30.88","77.65","30.16","19.33","449.12","47.30","2422.59","113.34","187.90","344.81","1552.26","461.22","38.73","77.12","119.63","0.76","5.87","18.19","9.05","0.57","56.84","0.71","7.82","28.01","2.18","47.56","33.24","9.89","24.09","62.96","46.12","7.28","2.63","52.62","77.64","84.35","91.90","1080.89","0.65","","3.69","21.24","61.41","66.57","76.25","","38.60","48.59","38.60","20.48","22.28","86.32","54.96","51.36","74.21","98.58","18.93","","28.25","66.09","4.14","21.87","19.10","37.14","3.32","16.13","20.09","","3.64","1.42","31.74","23.82","49.20","","56126","61211","64880","56633","45663","39821","34027","28036","21714","15940","11529","54230","9001","6649","4527","2945","2853","515785","54301","64010","74232","66125","53976","47521","40173","31692","24085","17814","13476","53528","11047","8366","6252","4298","5298","576194","","4621","17670","442944","22156","103696","76831","78792","65803","748573","83192","261870","85484","665381","83312","178678","79235","486703","22468","22225","22272","107058","293946","41188","64010","44477","404355","263998","208927","1091979","883052","873794","125221","83192","665381","1086365","","","","","","128.06","88.87","116.97","95.93","41.59","93.30","79.29","0.571","0.555","0.642","0.560","0.729","0.647"
"62300","RM Fortaleza (CE)","2000","69.55","2.38","33.00","40.32","90.11","76.53","56.40","4.94","8.99","6.54","4.81","14.44","6.69","15.44","9.75","18.06","28.79","20.98","108.22","121.81","68.87","15.45","88.44","92.11","31.12","7.62","37.06","82.39","36.41","13.25","85.78","94.53","91.41","45.22","9.93","13.80","60.97","36.10","54.57","43.73","40.47","23.44","27.56","26.74","26.49","6.31","93.70","156.17","260.28","536.82","1061.29","0.65","12.80","19.72","34.31","47.27","59.25","71.79","54.76","2.23","69.80","7.21","15.44","30.20","74.23","30.37","19.35","496.32","55.31","2717.76","123.68","204.12","366.34","1732.13","503.71","41.43","79.78","126.04","0.77","3.99","17.92","7.76","0.20","49.94","0.55","17.28","24.32","2.49","50.23","39.87","5.50","25.85","50.91","33.67","7.55","2.10","52.98","78.24","84.42","91.65","1089.66","0.65","","5.10","28.16","65.94","64.37","75.42","","34.73","43.45","28.83","16.14","16.52","91.77","72.80","44.21","90.47","98.24","11.63","","46.00","62.94","5.47","36.62","30.80","46.41","3.52","20.70","17.99","","3.53","1.76","30.17","32.97","48.34","","157906","163337","162581","144475","123655","116563","105766","79558","63092","52050","36470","159576","30742","21588","17406","11794","10703","1457262","152889","163220","172980","158550","139110","132042","119385","93563","75739","62265","45477","154359","40515","29829","25043","16893","17908","1599767","","16654","55891","1227706","60206","265299","198713","198684","185730","2105742","198478","638586","202836","1907264","203277","440108","194069","1467156","64859","66952","64370","308241","772018","151164","163220","101890","1129299","797769","121494","3057029","2935535","2432299","326557","198478","1907264","3041196","","","","","","129.13","80.93","116.75","94.60","34.02","91.66","78.66","0.437","0.516","0.622","0.488","0.743","0.663"
"62400","RM Natal (RN)","2000","69.49","2.37","39.60","49.93","89.66","76.61","55.61","5.34","9.16","8.62","6.02","16.35","8.06","17.41","10.98","20.16","29.79","22.61","107.28","119.30","73.08","16.04","87.60","91.57","31.48","8.66","36.11","81.43","36.33","12.64","84.69","94.38","91.01","43.14","9.52","13.98","56.99","36.59","54.57","44.98","42.16","24.38","29.62","29.41","29.35","7.60","97.60","171.78","293.46","624.67","1208.34","0.64","11.64","19.02","31.67","45.38","55.03","69.02","52.77","2.18","68.78","7.10","15.53","31.22","71.30","29.73","19.38","537.69","58.60","2837.34","132.26","226.69","421.89","1849.00","545.65","40.93","79.94","126.76","0.76","5.93","17.69","7.58","0.45","55.42","0.52","11.61","21.92","3.05","55.49","42.61","8.00","22.04","54.24","38.63","9.50","2.46","51.97","76.27","82.89","90.79","1149.13","0.64","","5.02","27.29","65.74","63.26","74.70","","35.87","45.43","29.81","16.84","17.54","96.75","81.68","42.13","95.45","98.83","10.21","","45.11","63.89","5.62","35.62","28.94","45.31","3.59","14.49","17.70","","3.70","1.17","32.19","26.43","51.82","","57059","59996","60638","53987","44965","43464","39471","30882","23716","20298","14376","57024","11233","7981","6611","5278","5282","542261","55036","59741","63294","57862","50068","48263","44697","35428","27930","24516","17815","55482","14971","11030","9504","6884","7888","590409","","6011","19983","452376","22607","97670","73180","73446","66684","788332","73226","235781","75311","715106","75038","162555","72202","552551","22804","24064","23334","110509","281405","60458","59741","37330","420150","298994","182381","1132670","950289","908069","119737","73226","715106","1124946","","","","","","126.91","80.47","114.83","94.45","34.94","91.36","75.60","0.450","0.507","0.625","0.487","0.742","0.676"
"62600","RM Recife (PE)","2000","69.26","2.10","38.40","48.62","89.26","75.59","49.78","5.50","8.75","7.87","5.53","12.79","6.12","13.47","8.04","15.50","32.18","24.47","112.09","125.03","76.54","14.08","88.07","91.67","30.54","7.91","38.81","81.36","37.07","12.43","86.13","94.22","90.79","45.83","10.65","14.96","55.25","35.41","55.12","47.13","44.90","23.10","29.56","30.80","31.14","8.95","98.26","174.57","294.28","619.46","1220.06","0.65","10.90","17.40","30.60","43.61","54.82","68.20","54.55","2.17","69.92","7.00","15.16","30.08","71.15","31.16","19.97","560.66","60.93","3058.44","135.40","228.64","418.36","1959.96","567.94","41.14","80.77","128.83","0.79","1.95","18.49","6.86","0.07","58.91","0.71","11.03","22.67","2.90","57.77","45.74","6.05","21.15","57.24","40.80","11.43","1.52","48.99","74.39","81.83","90.04","1242.48","0.67","","4.48","26.12","66.01","62.18","75.57","","44.34","53.07","37.78","22.14","23.22","95.38","80.04","39.50","87.43","99.62","10.80","","41.32","61.19","5.78","32.60","26.34","43.32","3.57","16.89","19.89","","3.79","0.38","34.67","25.40","50.64","","151329","164095","174293","163563","142334","127128","116318","97364","77038","62864","44574","153801","36500","26044","20079","13196","11470","1581990","146115","161349","177455","172217","157621","145176","135386","115113","95633","78095","58425","148955","51269","38731","31331","20441","22263","1755575","","14580","53955","1369452","59757","263962","196984","202691","177790","2408919","206567","690171","214155","2202399","215915","480515","208582","1721514","60152","62450","62663","301916","771862","183508","161204","105418","1296890","953859","108916","3337548","3234647","2734363","325444","206567","2202399","3306954","","","","","","130.50","85.08","118.38","94.29","33.52","91.02","72.40","0.471","0.500","0.627","0.490","0.738","0.683"
"62700","RM Maceió (AL)","2000","65.85","2.47","45.40","57.86","86.78","69.66","55.29","4.36","7.58","10.76","9.82","18.88","12.05","19.84","14.48","22.27","40.08","32.20","106.49","123.38","59.63","12.96","82.80","86.54","22.34","7.56","29.74","76.27","36.64","12.80","72.57","89.14","85.74","48.79","13.54","12.29","43.67","26.43","43.40","40.52","39.62","17.26","21.72","26.23","27.64","7.96","84.22","147.38","254.55","524.62","1054.13","0.67","14.43","21.72","37.01","49.72","60.04","72.08","56.57","2.02","71.21","6.61","14.38","28.79","70.37","34.21","21.53","503.36","50.82","2847.42","115.65","195.57","362.49","1792.28","511.85","40.98","78.20","120.77","0.83","5.27","17.97","7.04","0.19","58.13","0.60","9.57","22.85","2.66","54.54","41.95","7.08","23.85","50.65","35.91","10.29","1.63","52.29","76.33","83.27","91.13","1154.08","0.68","","5.04","26.48","63.17","63.09","74.97","","44.02","50.08","36.01","22.32","23.88","86.37","81.50","44.00","92.71","98.82","6.40","","52.03","70.26","10.86","42.89","36.49","49.06","4.68","18.83","22.43","","3.88","1.18","36.27","29.66","52.54","","56202","53163","55769","50966","43329","38323","33866","27812","22657","17474","12240","53493","9427","6712","4954","3163","3243","492793","54469","53714","58523","56123","49374","44530","39142","32373","25948","20111","14965","51775","12434","9526","7294","4706","5495","540502","","5387","17965","405439","21627","86811","64655","65564","66071","710479","67843","221381","69632","642636","68380","153538","65810","489098","22973","22842","21763","102492","257146","45093","53714","34855","380544","265898","42747","1033295","990548","817356","106877","67843","642636","1019183","","","","","","128.54","65.95","111.96","89.16","24.85","85.77","61.13","0.41","0.40","0.567","0.402","0.681","0.666"
"62900","RM Salvador (BA)","2000","69.58","1.90","39.80","49.68","89.13","75.78","46.31","4.32","8.80","5.18","3.37","7.68","3.56","8.12","4.37","9.62","35.28","25.75","120.85","135.37","85.30","12.81","89.14","92.33","28.93","7.62","34.03","86.89","43.49","14.91","82.94","95.02","92.66","51.22","12.57","18.50","56.63","32.86","57.83","52.20","50.36","21.57","29.40","34.49","36.16","8.04","108.45","195.21","325.35","708.12","1366.46","0.64","9.57","15.49","27.61","40.00","50.49","64.89","53.37","2.16","69.19","7.01","15.29","30.81","74.35","30.43","19.73","614.59","66.36","3279.92","149.19","254.38","476.78","2126.22","620.21","42.01","82.21","131.47","0.78","1.70","17.23","9.38","0.36","59.92","0.73","9.43","20.45","3.20","60.42","48.63","5.32","20.90","59.62","43.15","9.54","1.56","46.40","72.96","80.97","89.64","1284.65","0.68","","6.81","31.42","72.52","70.75","83.13","","48.91","56.96","39.91","23.86","23.86","96.24","85.59","43.97","91.12","99.29","3.70","","37.49","65.97","4.98","28.42","22.02","37.16","3.33","20.95","14.52","","2.38","0.71","27.08","27.43","47.66","","142796","149545","179090","168281","135741","122167","110207","94856","73438","55768","36471","139889","28123","19733","13829","8543","8016","1486493","137009","147807","186919","184138","152322","138617","126838","108565","84390","63661","45381","135662","37763","29410","22752","14756","17820","1633810","","20250","66645","1454255","56301","244183","177256","191796","168409","2267595","212111","718428","221368","2055484","231463","506317","225371","1549167","55095","56827","57267","271893","728187","134859","147807","108033","1213332","842275","70021","3120303","3050282","2564947","297352","212111","2055484","3099673","","","","","","144.09","93.18","129.33","95.07","31.43","92.81","76.20","0.522","0.485","0.636","0.497","0.743","0.698"
"63100","RM Belo Horizonte (MG)","2000","72.01","2.01","23.80","27.88","92.34","79.86","47.37","5.15","9.82","1.78","1.51","6.27","1.75","6.68","2.35","8.07","18.51","12.16","106.57","113.66","87.08","15.70","89.72","93.59","44.07","9.14","25.78","83.89","31.83","11.76","75.60","96.06","92.81","34.50","4.75","14.11","74.52","50.85","65.10","48.94","44.40","31.94","36.28","31.27","29.86","9.71","162.30","285.01","456.79","932.12","1708.08","0.61","3.92","7.33","15.38","25.58","36.07","51.45","50.15","2.66","66.08","8.29","17.46","33.92","74.63","24.21","15.95","782.97","104.14","3926.82","220.27","359.17","644.41","2586.89","785.21","45.79","90.34","150.55","0.69","1.83","16.22","9.19","0.50","55.33","0.76","14.47","20.61","3.63","65.52","50.16","6.68","17.60","56.18","37.94","10.89","1.38","35.00","66.47","76.10","87.46","1491.51","0.60","","5.59","40.50","77.44","69.91","82.91","","51.39","51.03","28.19","16.84","16.00","99.06","95.15","33.34","93.68","99.60","1.78","","38.86","74.22","3.94","29.37","18.32","36.46","2.46","16.26","11.85","","1.49","0.40","33.09","27.96","44.66","","199193","201978","220655","222543","188844","173696","162682","142688","112253","86547","63387","194053","49468","36290","24348","14528","13277","2106430","192956","199065","225561","228966","197194","185523","179824","157505","126618","98743","73323","189176","61161","48615","36325","23805","27152","2251512","","22418","103484","2045570","78155","323161","242676","242784","235547","3181521","255516","897725","271451","2926005","286836","642209","283937","2283796","78447","80331","77575","380780","959457","224340","199065","128618","1670315","1215788","109993","4357942","4247949","3582564","401043","255516","2926005","4330618","","","","","","120.23","100.59","114.99","96.14","47.28","93.00","87.81","0.489","0.582","0.682","0.549","0.784","0.737"
"63200","RM Grande Vitória (MG)","2000","71.75","2.09","23.20","27.08","90.83","77.90","48.59","4.85","10.02","2.34","1.88","7.19","2.00","7.70","2.87","9.30","18.20","12.47","104.35","110.99","86.54","17.54","87.55","91.42","44.41","9.75","26.89","81.46","32.98","12.44","70.18","94.14","90.70","30.47","4.81","13.56","73.78","51.95","65.82","51.43","47.39","32.92","36.41","32.72","31.68","8.23","152.65","273.29","455.49","917.48","1626.74","0.60","4.45","7.98","16.68","26.95","37.55","52.49","47.95","2.69","64.48","8.44","18.07","35.52","74.92","22.72","15.28","731.30","98.33","3506.37","210.34","351.88","638.21","2357.73","733.46","45.40","88.75","147.19","0.66","2.63","17.74","9.73","0.84","55.31","0.50","12.43","21.53","4.03","59.67","45.89","6.30","20.66","58.53","39.23","9.21","1.68","37.06","68.24","77.34","87.97","1415.12","0.59","","6.36","39.46","74.29","69.60","81.86","","47.35","48.02","26.39","16.05","16.28","99.51","93.70","31.85","91.06","99.72","1.91","","36.50","73.11","5.86","28.35","18.43","36.69","3.10","15.58","12.61","","1.70","0.28","33.64","27.39","50.74","","66789","71264","76440","70739","58882","56267","54244","48647","39113","27856","19364","65403","15259","11905","8467","4800","4158","699597","64288","69823","77117","74137","63169","60954","59878","52887","41891","30699","22267","63156","18748","14964","11232","6766","7564","739540","","8973","35527","660073","26213","114824","85264","86938","78961","1038414","90033","298433","94072","948381","94247","208400","90821","739981","25903","26760","26151","128062","332919","69856","69823","45160","542273","391019","26620","1439137","1412517","1179501","141087","90033","948381","1432003","","","","","","118.79","98.04","113.15","94.21","48.30","91.12","85.76","0.514","0.572","0.678","0.552","0.779","0.726"
"63300","RM Rio Janeiro (RJ)","2000","71.51","1.99","23.70","27.66","90.64","77.52","47.79","7.64","9.11","2.50","1.88","5.67","2.30","5.95","2.96","6.77","25.21","19.14","107.47","116.80","81.24","20.11","88.08","91.93","38.14","11.04","31.52","82.26","33.26","12.03","80.01","95.01","91.67","37.13","5.79","12.68","62.44","46.42","64.85","54.53","52.21","30.70","36.31","34.96","34.66","11.28","189.35","325.35","549.84","1098.54","1952.09","0.61","3.33","6.49","12.42","21.80","30.23","46.02","49.03","2.58","65.24","8.22","17.67","34.76","69.03","23.87","15.88","900.81","116.21","4416.99","253.88","425.68","769.81","2938.45","903.31","44.77","88.88","151.14","0.68","0.74","16.93","7.69","0.22","61.38","0.59","10.39","22.02","3.13","62.84","46.87","6.71","20.25","62.47","43.01","13.47","1.05","27.42","60.87","72.22","85.60","1655.67","0.58","","3.55","26.11","70.08","64.20","79.48","","45.18","47.90","28.92","16.80","17.80","97.41","92.28","39.60","94.12","99.87","2.45","","31.98","68.48","4.99","25.45","13.72","35.21","3.50","13.35","11.42","","1.83","0.13","36.43","21.85","52.28","","468714","451088","491081","488115","435429","407894","405117","369618","314210","258717","188247","453556","160491","127861","94824","56548","46849","5218359","452765","441712","495995","503783","462181","446065","454340","425020","370712","304870","230759","440195","206165","175922","143023","93436","98994","5745937","","31694","148271","4935950","181623","715364","534106","535403","556046","8256266","567871","1978974","596364","7688395","630083","1411103","619911","6277292","183810","188048","183689","883139","2166374","837457","441712","284969","4411265","3411487","98408","10964296","10865888","9149066","892800","567871","7688395","10890412","","","","","","123.70","91.02","115.13","95.13","43.02","92.14","79.77","0.545","0.549","0.686","0.548","0.775","0.759"
"63500","RM São Paulo (SP)","2000","72.40","2.02","18.90","21.99","92.13","79.59","46.82","5.48","10.24","1.65","1.34","5.57","1.82","5.93","2.80","6.99","13.72","8.48","102.46","107.79","87.87","18.67","87.45","90.78","49.45","10.98","23.42","84.03","30.24","11.27","72.74","95.11","92.14","26.69","3.80","11.47","78.45","59.77","70.82","52.89","48.25","39.91","43.68","34.57","32.21","11.19","226.44","390.42","637.36","1236.32","2179.83","0.59","2.15","3.99","8.85","15.32","24.17","37.38","48.16","2.79","64.11","8.74","18.58","35.89","80.60","22.05","14.67","1016.70","141.72","4896.87","302.44","500.25","880.22","3258.89","1018.30","45.81","92.23","158.66","0.65","0.61","16.35","6.81","0.08","54.10","0.45","19.82","19.94","3.53","65.39","51.55","4.54","19.57","61.78","43.43","13.47","0.91","14.39","50.83","63.79","81.04","2096.65","0.55","","5.52","43.64","78.98","69.41","82.20","","62.32","54.37","27.88","17.42","16.84","99.00","96.78","45.00","98.74","99.85","0.68","","32.45","76.58","4.89","24.51","11.20","35.04","2.70","13.47","8.44","","1.08","0.15","36.85","27.03","52.99","","811894","806574","864874","859318","790415","735742","669643","588816","486383","379638","265937","768140","209242","154360","115183","68179","55394","8629732","787120","800667","892293","901614","831018","777765","735027","652650","542842","427481","308662","748378","257804","204355","166178","106643","108583","9249080","","88720","447106","8420479","318608","1296934","963411","981376","963181","13156039","1024532","3518099","1067308","12131507","1100261","2493567","1079378","9637940","317225","319779","307836","1507046","3828512","978875","800667","519286","6912915","5119008","759303","17878812","17119509","14763280","1607241","1024532","12131507","17723494","","","","","","116.50","101.86","112.58","95.23","55.53","92.59","88.27","0.529","0.627","0.714","0.592","0.790","0.779"
"63501","RM Baixada Santista (SP)","2000","72.20","2.16","19.30","22.40","91.99","79.28","49.05","7.02","10.19","1.09","1.00","5.79","2.04","6.18","2.91","7.18","15.78","10.25","103.42","109.44","86.89","16.99","89.34","92.89","47.64","10.73","25.70","83.00","31.13","10.40","77.35","95.99","92.53","29.21","3.68","12.23","76.98","56.19","66.71","51.07","47.28","36.15","39.49","32.45","30.75","9.83","217.98","378.71","610.03","1140.02","1874.01","0.56","2.75","5.04","9.69","17.00","25.13","39.17","43.69","3.09","60.17","9.82","20.88","39.83","71.84","17.80","12.26","872.76","134.63","3813.05","293.84","482.57","826.85","2625.91","875.35","42.70","88.58","155.47","0.56","0.97","16.23","9.91","0.10","60.55","0.49","9.98","21.87","3.88","61.21","46.75","4.98","21.24","58.69","40.25","11.86","1.35","19.83","56.20","69.25","85.28","1696.77","0.50","","6.09","44.30","76.78","66.28","81.90","","62.36","53.55","31.50","18.99","18.74","97.37","95.73","42.12","98.57","99.67","1.17","","34.69","74.30","4.01","26.99","12.29","37.52","3.45","13.36","9.89","","1.09","0.33","38.33","25.32","46","","65290","66031","70926","67889","60835","56544","53691","48313","41475","32487","25070","62986","21059","16691","12513","7573","5918","715291","62879","64211","71511","70015","62699","59283","58573","52927","45230","37138","29287","60923","25884","21275","17357","11125","11212","761529","","7932","37026","670037","25363","105380","78346","79357","77421","1094500","83581","280341","86569","1010919","88195","196760","86285","814159","25385","25374","25256","123397","312358","103664","64211","42079","573516","431990","6046","1476820","1470774","1224742","130242","83581","1010919","1466413","","","","","","116.82","100.40","112.44","96.06","52.44","92.940","88.960","0.511","0.617","0.700","0.579","0.787","0.754"
"63502","RM Campinas (SP)","2000","73.04","1.99","17.77","20.69","92.57","80.59","45.71","5.83","10.11","1.01","0.85","5.60","1.25","5.99","1.89","7.17","13.03","8.57","100.41","105.52","86.17","18.25","87.64","91.26","51.11","10.72","24.73","83.21","28.93","11.31","71.98","95.46","92.23","24.47","3.00","10.75","78.84","61.73","70.80","49.64","44.37","39.85","42.89","31.49","28.65","10.13","253.77","416.45","650.70","1171.25","1955.21","0.55","1.46","2.72","6.49","11.38","20.18","31.61","44.56","3.43","60.47","10.40","21.36","39.53","79.87","17.14","11.63","955.99","163.94","4260.00","333.21","523.94","868.35","2890.51","956.72","46.51","94.74","164.73","0.55","2.84","14.95","8.33","0.10","47.30","0.61","24.14","18.88","3.80","68.61","55.83","3.31","17.18","58.65","39.15","11.77","1.04","15.64","53.85","67.43","83.73","1859.13","0.51","","6.14","47.88","80.38","69.10","82.45","","55.46","42.56","22.69","14.37","13.84","98.41","97.56","32.46","98.89","99.89","0.52","","33.42","75.27","4.54","26.49","10.41","36.13","2.63","9.97","7.04","","1.09","0.11","38.03","25.24","52","","97167","106899","113706","113017","103249","98489","92746","82796","68051","53040","37637","99724","30300","23206","17302","10054","8520","1155903","93172","104404","112996","112902","102738","100367","97011","86692","70689","54015","40266","96207","33961","27597","21673","13967","13824","1182481","0","13009","62978","1112010","36675","170189","126498","128752","114715","1740811","131460","452621","137951","1609351","142609","321161","139649","1288190","38949","40283","39062","196762","498411","136143","104404","65259","888698","662800","68666","2338384","2269718","1952084","211273","131434","1609377","2321260","","","","","","114.73","102.76","111.57","95.57","56.66","92.560","88.060","0.496","0.631","0.710","0.582","0.801","0.769"
"63503","RM Vale do Paraíba e Litoral Norte (SP)","2000","72.75","2.26","18.30","21.27","92.37","80.14","49.11","5.34","10.42","1.16","1.05","5.81","1.62","6.24","2.39","7.45","12.17","7.57","103.19","106.95","92.62","15.28","89.95","92.98","53.33","9.23","22.69","83.75","29.05","10.78","73.41","95.94","92.75","25.14","3.25","12.31","82.06","62.20","70.04","50.31","45.15","39.46","42.76","32.17","29.40","8.83","190.33","317.70","521.21","976.05","1610.47","0.56","3.30","5.94","12.03","19.80","30.44","43.03","44.57","3.12","60.74","9.76","20.62","39.26","76.96","18.27","12.45","759.40","118.33","3384.82","252.23","412.56","707.53","2306.38","761.21","45.39","89.16","153.14","0.57","4.30","13.95","9.51","0.30","51.46","0.56","19.03","20.01","3.47","62.73","48.75","5.54","20.75","58.90","40.31","10.52","1.58","25.91","60.67","71.61","86.43","1573.74","0.53","","6.34","42.08","75.90","66.71","78.76","","53.64","46.31","27.77","16.70","16.09","97.48","96.58","38.34","98.71","99.08","1.18","","32.45","77.31","4.06","26.24","14.29","38.34","2.66","11.63","10.42","","1.75","0.92","36.18","25.02","51","","90282","97487","102538","96295","84134","79272","75820","67769","57064","44878","31590","92021","24627","18320","13254","8164","6961","990476","86993","94345","100172","94409","84331","80356","80077","70299","57433","45475","32918","88641","26504","21219","16527","10864","11071","1001634","","12162","49949","883001","34517","154143","114519","115668","106548","1442341","118700","393414","123525","1323641","125107","274714","120669","1048927","36210","37224","35692","181127","453970","106380","94345","58664","731655","537074","140210","1992110","1851900","1634173","191832","118700","1323641","1975212","","","","","","113.34","107.69","111.86","96.05","57.81","93.110","90.680","0.503","0.643","0.701","0.592","0.796","0.732"
"64100","RM Curitiba (PR)","2000","72.56","2.17","21.60","25.18","91.43","79.16","48.68","4.92","10.10","1.25","1.19","5.32","1.39","5.68","1.92","6.83","14.63","11.88","95.47","100.84","79.92","21.58","84.07","89.18","45.23","12.78","21.71","74.13","30.22","12.14","63.71","93.85","88.79","20.01","2.47","9.61","74.29","60.38","68.82","52.40","47.99","36.37","40.31","34.29","32.67","10.98","195.21","339.27","557.13","1106.18","1952.09","0.60","3.20","5.61","11.21","18.62","28.59","41.88","48.40","2.73","64.55","8.63","18.31","35.45","78.79","22.43","14.96","901.38","123.24","4362.57","265.69","436.34","772.57","2909.04","906.19","39.63","87.53","153.97","0.65","4.83","16.29","8.61","0.25","50.61","0.59","16.79","22.61","4.15","64.26","50.80","4.19","15.82","59.65","41.01","12.12","2.47","24.80","60.09","71.66","85.21","1730.44","0.57","","6.41","43.70","76.53","70.63","82.43","","43.17","41.77","21.55","13.02","12.76","99.30","93.27","26.67","98.91","99.05","1.70","","34.69","78.29","6.15","27.57","14.97","34.81","3.44","11.76","10.22","","1.25","0.95","38.63","25.29","51.87","","133834","131783","138982","139032","126550","117296","106054","89780","74330","57307","41137","133073","31825","23432","16594","9852","7938","1378799","128329","128432","139015","139635","128640","122236","115147","98198","81186","62545","46304","127263","36996","29756","22470","14365","13921","1434438","","16680","70402","1320372","51916","208348","155790","155844","156380","2030523","161102","556664","169686","1869421","175027","395562","171062","1473859","53867","54985","52462","257218","626668","138328","128432","80101","1050414","771764","260268","2813237","2552969","2290738","260215","161102","1869421","2790236","","","","","","109.77","97.82","106.70","94.20","52.40","89.45","85.11","0.524","0.587","0.698","0.565","0.793","0.759"
"64300","RM Porto Alegre (RS)","2000","73.55","2.17","16.20","18.80","93.81","81.91","48.28","6.35","10.08","1.47","1.37","4.79","1.60","5.07","2.11","5.88","17.96","12.57","96.96","106.03","71.62","26.20","86.64","90.96","42.14","14.10","16.93","77.64","30.84","12.98","52.90","94.04","89.72","28.67","3.32","8.99","75.38","51.95","65.69","50.43","46.86","33.77","38.59","32.24","30.76","9.65","202.53","351.38","577.82","1122.45","1952.09","0.58","2.81","5.66","10.52","19.18","26.94","42.32","47.05","2.87","63.34","9.05","19.10","36.66","74.47","20.80","14.00","896.72","128.59","4219.12","277.06","450.62","787.47","2839.88","899.24","43.49","89.45","154.89","0.62","2.38","16.33","7.56","0.22","50.38","0.52","21.69","22.14","4.15","68.17","50.57","5.86","15.69","57.83","38.90","10.63","1.63","25.91","61.63","72.74","86.24","1613.93","0.54","","4.91","42.32","78.78","69.49","83.54","","42.68","43.13","22.66","13.15","12.94","98.55","94.05","26.19","98.73","99.48","1.34","","37.94","83.07","5.96","30.80","15.04","34.49","3.41","14.32","9.50","","1.17","0.52","36.48","26.38","52.45","","169024","168853","181946","169350","147924","143969","146090","132566","110535","87935","63876","166816","49079","37472","26192","15404","12410","1829441","162059","163469","179129","169892","151156","151983","159500","144982","123471","99990","75009","161120","62585","52322","41498","26921","28124","1953210","","16317","89672","1792439","67673","266331","198837","199378","197099","2791310","211890","700317","222042","2579420","221666","488427","214639","2090993","66311","68981","65877","324946","803167","240343","163469","104928","1466562","1117541","175618","3782651","3607033","3123632","332322","211890","2579420","3754652","","","","","","112.48","83.98","104.97","94.10","47.00","90.17","87.54","0.504","0.535","0.685","0.524","0.809","0.758"
"65100","RM Vale do Rio Cuiabá (MT)","2000","70.95","2.30","24.70","29.34","90.20","76.33","50.41","3.64","9.86","2.21","1.69","7.66","1.99","8.29","2.96","10.30","23.09","17.16","104.52","113.02","80.80","21.33","86.13","90.02","37.88","10.29","17.80","82.53","35.47","15.68","67.77","94.36","91.24","34.70","6.06","12.65","68.28","46.88","66.50","52.13","47.53","32.55","39.11","34.50","33.03","9.31","152.26","260.28","429.46","831.59","1480.33","0.62","4.28","6.80","16.52","24.65","39.13","51.60","52.34","2.65","67.08","8.17","17.11","32.92","80.91","25.63","16.42","746.19","98.92","3905.47","205.86","333.69","589.72","2502.76","751.27","42.75","88.85","150.02","0.71","4.25","19.48","8.78","0.26","55.64","0.90","9.05","22.46","3.81","55.69","38.63","10.62","23.02","58.39","40.78","10.43","1.54","33.83","66.40","76.33","87.80","1559.88","0.63","","5.59","38.30","71.83","70.45","78.62","","46.19","44.24","25.24","14.13","13.30","97.09","78.48","41.45","90.31","98.50","11.01","","33.15","82.20","5.64","26.89","17.73","37.31","3.35","14.68","11.63","","1.85","1.50","31.66","25.48","46.44","","34456","39333","40655","37957","31951","28772","26252","22568","17628","13443","9420","36378","6943","5010","3410","2026","1936","358138","33119","38422","41392","39990","34218","30916","28173","23925","18154","13490","9408","35256","7575","5378","3739","2231","2696","368082","","4347","18566","324621","13153","62489","46292","47072","40200","509256","48474","159994","49730","460782","50232","111520","48830","349262","14222","14489","14578","72411","183374","26426","38422","24343","261285","179903","28971","726220","697249","587011","77755","48474","460782","718993","","","","","","123.75","100.10","117.51","94.42","43.78","91.61","82.21","0.521","0.539","0.668","0.533","0.766","0.729"
"65200","RM Goiânia (GO)","2000","71.83","2.07","23.00","26.88","90.89","78.03","46.81","4.20","9.55","1.76","1.45","7.23","1.91","7.76","2.92","9.54","25.84","18.58","110.55","121.29","81.44","19.43","89.40","93.01","37.37","11.76","20.83","83.05","35.80","11.79","73.10","95.62","92.24","40.02","7.89","13.14","67.70","44.11","59.73","48.56","45.17","28.10","32.85","31.05","30.51","8.29","175.69","292.81","455.49","888.20","1611.45","0.61","2.93","5.15","13.17","21.57","34.46","48.49","50.35","2.94","65.62","8.89","18.23","34.38","80.87","22.65","14.76","775.29","113.87","3903.68","230.89","361.94","625.97","2543.78","777.61","43.73","92.14","156.01","0.66","3.91","18.71","8.52","0.07","51.48","0.77","15.56","22.95","4.36","52.94","39.75","6.57","25.09","53.82","35.69","8.66","1.33","37.56","69.80","78.38","88.58","1474.26","0.65","","8.89","44.23","74.68","71.55","80.87","","39.48","31.94","18.41","10.92","10.90","99.41","91.89","28.77","96.97","99.75","4.11","","38.81","79.17","4.38","32.13","18.95","39.14","3.28","12.16","9.68","","1.23","0.25","30.62","23.23","45.88","","81007","83577","90985","92052","79311","71259","64435","53290","42181","32715","23607","80442","18513","13096","8897","5393","4905","845665","77727","81698","95057","97538","85139","78404","71690","60244","47606","36230","26047","78161","21170","15850","11067","6987","7017","897632","","14693","47495","825188","30778","133719","99427","100878","95362","1260685","107382","375632","114062","1153303","118419","268250","115473","885053","32594","33036","31999","157123","398224","73212","81698","55011","660046","467451","48341","1743297","1694956","1425960","165275","107382","1153303","1731456","","","","","","125.93","90.56","116.40","95.71","41.62","92.55","82.93","0.486","0.533","0.667","0.517","0.781","0.735"
"65300","RIDE DF e Entorno (DF/GO/MG)","2000","72.45","2.29","21.73","23.80","93.96","83.89","50.50","3.26","9.51","2.21","1.78","7.88","2.74","8.48","4.27","10.37","23.44","16.31","107.85","115.82","85.35","18.86","88.09","91.89","37.03","10.23","21.37","82.62","37.43","14.32","68.28","94.87","91.66","38.18","6.83","14.31","69.73","43.21","58.94","51.48","49.01","25.63","30.90","33.19","33.95","11.49","151.29","279.71","507.54","1171.25","2277.44","0.65","5.21","8.49","17.00","25.86","36.97","49.72","52.85","1.96","69.85","6.36","14.19","30.15","77.64","33.23","21.96","960.32","94.14","5075.15","211.30","375.79","766.36","3354.01","969.11","39.47","84.92","143.38","0.82","4.41","13.90","8.46","0.21","65.04","0.69","6.06","17.35","2.86","61.82","43.43","12.93","22.10","57.63","40.00","12.23","1.35","29.63","59.08","68.37","81.72","1951.23","0.68","","4.64","32.80","72.63","71.56","81.34","","45.50","46.77","27.31","16.02","15.26","93.53","89.79","36.36","92.17","98.76","5.26","","37.91","78.63","5.13","30.25","20.20","36.58","3.65","19.02","11.70","","1.23","1.24","32.94","29.96","47.28","","160599","143505","155562","157361","138863","123569","103738","81871","65666","50075","35419","149355","28601","18071","12214","6978","5839","1437286","154651","142416","166507","170969","150130","133838","115747","90998","72853","54832","38667","145811","30268","20612","14238","8888","9485","1520910","","13267","60547","1343372","64162","230103","171340","173388","189560","2061859","184593","650399","195328","1877266","206188","465806","202615","1411460","61528","63042","60281","287942","702638","96325","142416","95094","1078032","740556","198347","2958196","2759849","2347780","285921","184593","1877266","2931188","","","","","","125.11","100.43","118.66","94.93","40.84","91.92","84.10","0.515","0.517","0.680","0.516","0.791","0.769"
"61300","RM Manaus (AM)","2010","73.70","2.18","17.39","19.40","94.99","84.76","49.94","4.00","9.57","3.28","1.66","4.91","1.46","5.22","1.86","6.23","20.99","15.95","103.58","114.07","72.64","36.10","85.14","89.31","36.42","14.20","32.66","82.83","37.37","19.86","83.92","93.91","91.11","31.89","4.85","9.52","82.30","49.38","73.85","64.69","62.23","36.40","46.02","46.48","46.60","10.14","162.50","275.00","441.67","795.71","1345.00","0.61","5.85","9.19","16.37","25.34","37.41","51.74","51.53","2.59","65.59","8.58","18.26","34.41","79.96","24.01","15.28","725.17","93.84","3736.97","217.38","350.93","585.35","2378.32","733.29","31.96","81.04","148.04","0.70","5.62","17.52","7.46","0.37","45.60","0.84","15.23","22.39","1.25","57.14","46.67","7.11","19.73","69.81","53.01","11.62","3.62","17.01","69.02","81.39","90.31","1367.23","0.48","","7.03","23.00","62.39","68.11","74.34","","23.03","30.85","20.11","10.47","12.53","86.68","79.69","51.63","98.00","98.53","9.71","3.53","22.12","67.34","6.09","16.92","10.68","28.69","4.67","22.13","12.52","3.04","1.90","1.47","33.25","20.86","52.93","19.81","99698","110139","102197","102049","102684","92735","76768","64879","52149","41648","30423","103183","21084","14464","10020","6267","6289","1036676","96600","108529","106103","106252","107766","97846","80764","65591","53610","43968","32662","99143","23555","16529","12279","8359","10090","1069646","","15372","29604","926511","40166","172346","128805","129104","116392","1489030","128714","416601","126398","1360316","119773","287887","118085","1072429","39740","40856","39528","207792","508852","84297","108529","65372","765374","553019","130426","2106322","1975896","1707698","218668","128714","1360316","2100144","","","","","","122.60","107.96","118.89","94.18","45.89","91.33","86.37","0.647","0.630","0.720","0.636","0.812","0.724"
"61500","RM Belém (PA)","2010","74.00","1.81","19.10","23.46","92.73","82.19","43.50","5.49","9.91","2.25","1.58","3.98","1.24","4.17","1.78","4.89","22.90","18.01","107.32","114.18","88.14","30.29","88.45","91.99","40.68","13.46","41.23","87.10","37.40","15.78","90.86","96.27","93.86","32.30","3.84","11.74","81.67","51.46","76.91","66.23","63.63","37.07","46.45","45.37","45.10","11.30","170.00","276.67","440.00","806.00","1475.00","0.59","4.28","7.19","14.88","23.85","37.05","51.90","49.52","2.98","64.52","9.21","19.06","35.48","76.71","21.50","14.01","715.11","106.54","3540.91","222.82","352.14","587.13","2306.92","718.11","36.19","89.18","156.59","0.64","2.95","23.48","8.44","0.22","50.83","0.94","6.54","26.60","1.38","52.82","40.34","8.18","21.91","71.27","51.31","13.23","2.09","20.35","71.65","82.50","90.26","1281.42","0.51","","4.83","18.10","57.42","65.49","73.54","","24.97","32.91","23.07","10.57","13.25","85.55","82.36","43.77","96.68","99.74","8.23","3.37","19.20","58.77","3.73","14.71","8.99","27.91","3.09","14.47","13.33","2.27","2.50","0.26","33.63","15.68","58.84","13.30","88521","104467","103818","108303","108235","97308","84836","73541","60332","50418","37844","94254","27645","19495","13736","8339","8637","1089729","84502","102369","109207","116549","118566","107674","93883","81605","67863","58076","44981","90575","34688","25734","19171","13272","16588","1185303","","9990","23238","1036025","34203","164013","121243","123884","103697","1710344","128385","437877","128963","1581959","128326","309492","129805","1272467","35123","35704","35137","191948","484346","124972","102369","65580","907857","682101","84867","2275032","2190165","1917180","206836","128385","1581959","2268465","","","","","","123.10","117.18","121.54","96.54","49.09","94.20","84.36","0.662","0.653","0.729","0.656","0.817","0.722"
"62100","RM Grande São Luís (MA)","2010","73.51","1.82","19.30","21.06","95.30","86.95","42.15","4.99","10.30","2.57","1.45","5.45","1.48","5.78","2.20","6.98","16.57","13.74","108.17","113.92","92.51","29.18","89.66","93.05","53.00","14.28","49.01","87.90","30.90","14.28","95.67","96.74","94.37","23.13","2.31","8.69","87.51","65.43","83.53","71.63","68.30","50.49","58.57","53.92","52.62","11.86","163.33","266.50","433.33","802.50","1500.00","0.60","5.91","9.26","16.08","25.51","38.83","54.55","50.19","2.68","65.32","8.70","18.32","34.68","78.05","23.08","15.02","710.73","95.07","3566.98","214.01","341.85","581.63","2321.08","718.38","30.58","81.15","151.33","0.67","3.57","19.60","11.30","0.81","50.97","0.76","5.62","22.04","1.24","54.68","43.31","7.35","23.54","76.41","59.85","13.83","3.00","21.18","71.91","82.10","89.99","1283.90","0.51","","4.89","16.40","59.66","67.09","74.71","","24.53","34.64","25.41","11.85","14.78","81.24","78.06","38.13","90.58","99.85","9.45","4.85","15.95","50.99","3.26","11.90","7.76","23.39","2.34","13.43","14.95","3.20","2.54","0.15","37.72","14.26","56.04","18.30","52014","60262","61448","70982","66441","55238","46287","40503","33040","26918","20591","53419","14345","10395","7462","4807","4815","628967","50883","60077","67112","78366","74953","64925","55046","48254","39031","31602","23822","51619","17549","13124","10090","6864","8897","702214","","5885","12529","621594","20719","95351","70288","72347","61988","1002907","76399","277908","77648","926508","79753","201509","83088","724999","20190","20884","20136","109142","280892","66454","60077","39819","539635","394157","233065","1331181","1098116","1123246","120339","76399","926508","1327992","","","","","","120.18","116.67","119.24","97.14","62.34","94.99","89.89","0.716","0.748","0.755","0.737","0.809","0.721"
"62300","RM Fortaleza (CE)","2010","73.86","1.91","16.78","18.02","96.08","87.84","43.32","6.32","10.33","3.21","1.92","9.20","2.21","9.79","3.49","11.69","17.69","13.49","102.59","113.05","75.06","26.76","87.68","91.79","44.41","12.53","48.84","83.57","29.76","14.00","95.92","96.22","92.74","27.19","2.98","7.65","84.88","58.36","78.10","61.30","57.10","42.47","50.32","42.63","40.70","10.67","162.00","258.14","405.71","733.33","1336.67","0.61","4.79","7.80","16.04","26.55","39.68","56.96","51.59","2.94","65.73","9.06","18.64","34.27","75.66","22.77","14.50","688.72","101.28","3553.44","210.88","329.82","538.19","2263.44","690.81","37.09","88.83","155.28","0.67","3.27","18.94","7.06","0.16","46.55","1.02","16.86","20.55","1.55","56.69","47.74","4.59","23.88","68.42","49.91","11.99","2.20","20.99","76.65","85.37","91.76","1172.62","0.52","","5.01","21.25","64.71","65.73","76.59","","19.19","28.81","17.74","8.03","9.14","91.55","90.12","33.34","95.99","99.59","4.88","1.13","24.54","51.16","3.78","18.76","11.84","31.39","3.08","19.39","14.27","2.28","2.68","0.41","34.74","21.59","61.43","12.83","134071","166255","170099","181362","169786","145202","125276","117683","102297","76407","58754","139359","46465","32689","24964","15471","18257","1724397","127745","162449","174306","191677","182455","159511","141836","134798","118530","92840","73687","134530","59833","43651","36174","23912","33436","1891370","","16468","44602","1670505","51641","262392","193529","199953","157103","2751358","209893","717444","209459","2541465","205015","507551","208293","2033914","53072","53533","52776","286668","758953","228554","162449","105961","1466646","1100663","140641","3615767","3475126","3080062","328704","209893","2541465","3603182","","","","","","119.78","102.46","115.01","96.60","54.53","93.31","87.63","0.613","0.704","0.732","0.672","0.814","0.716"
"62400","RM Natal (RN)","2010","73.83","1.93","17.28","18.80","94.42","83.97","43.29","6.55","10.03","4.64","2.91","10.83","3.20","11.46","5.07","13.43","20.65","15.44","104.81","115.76","75.58","36.38","88.33","92.15","40.51","17.35","48.15","84.32","35.95","17.34","93.45","96.65","93.29","31.35","3.74","8.06","86.10","52.73","75.10","60.29","56.75","42.67","50.70","44.12","42.55","12.48","170.00","285.00","488.57","900.00","1665.00","0.61","4.92","8.80","15.20","26.65","36.23","54.33","50.07","2.62","65.63","8.39","17.96","34.37","72.43","23.87","15.64","778.86","102.21","3899.98","224.54","372.50","639.24","2555.82","781.84","34.39","85.36","152.25","0.69","4.11","19.07","7.72","0.61","51.94","1.14","10.43","19.28","1.91","63.34","50.10","8.16","18.63","68.29","52.40","14.70","2.36","18.55","71.96","81.56","89.55","1319.22","0.53","","4.12","20.98","64.94","65.06","76.61","","27.39","35.91","21.92","10.12","11.56","95.15","94.33","29.16","98.02","99.73","3.26","0.66","27.65","51.85","3.35","20.81","13.27","31.32","2.74","15.97","13.07","1.66","2.35","0.27","34.03","19.92","59.24","10.07","50069","61357","62238","67184","63087","55238","47381","45179","39579","30690","22703","52542","18682","12745","9364","5882","7689","651609","47734","59656","63033","69857","67254","60165","52894","51215","45828","35901","27907","50810","24090","17182","13569","9216","13525","709836","","4986","16101","626223","19528","96421","71291","72717","57985","1039277","76745","262312","75304","962532","74190","185567","77053","776965","20290","20728","19735","107216","280382","89172","59656","38487","551636","418746","142059","1361445","1219386","1160290","121013","76745","962532","1356555","","","","","","123.64","99.79","117.14","96.90","50.20","93.86","88.79","0.603","0.687","0.733","0.658","0.814","0.736"
"62600","RM Recife (PE)","2010","73.79","1.69","17.30","20.08","94.26","83.71","42.22","7.06","9.86","3.06","1.97","8.65","2.44","9.12","3.47","10.51","20.30","15.91","105.01","115.30","75.94","32.34","88.15","91.89","41.45","14.27","50.87","86.21","34.06","16.01","94.77","97.06","94.22","29.69","3.75","7.85","84.42","54.62","74.86","61.01","58.12","42.20","49.78","44.21","43.05","12.21","160.00","261.00","430.00","802.00","1510.00","0.64","5.89","10.29","16.46","27.96","39.47","57.27","54.62","2.44","68.64","7.86","16.55","31.36","69.11","27.81","17.48","780.36","95.20","4262.04","211.30","339.29","577.73","2678.30","782.50","35.61","83.12","151.83","0.77","1.74","19.33","7.29","0.14","54.75","1.30","8.87","19.69","1.87","62.82","52.13","5.91","19.13","69.74","53.81","15.26","1.56","19.49","73.00","82.71","89.86","1314.92","0.56","","3.93","19.02","63.98","63.19","77.33","","35.18","44.25","27.59","13.49","15.69","92.00","90.64","27.02","95.39","99.90","4.91","1.59","26.54","49.13","2.94","20.34","12.88","31.24","2.80","15.87","15.35","3.05","3.22","0.10","35.74","18.08","65.92","16.84","127342","157357","156221","163127","162149","151304","136274","123450","108508","90723","69129","139934","53570","36587","26913","16354","17761","1736703","123212","152492","156492","172095","176984","168956","156487","143949","130265","111614","90718","134587","72886","53766","43140","28721","37480","1953844","","12177","35941","1685063","48882","245668","183365","184025","149685","2855623","188962","647935","187659","2666661","188099","458973","192175","2207688","51987","52974","53030","285728","720358","260722","152492","94190","1543553","1214966","101371","3690547","3589176","3165472","309849","188962","2666661","3673540","","","","","","124.48","109.54","120.57","97.16","52.14","94.59","87.73","0.610","0.690","0.734","0.662","0.813","0.736"
"62700","RM Maceió (AL)","2010","72.67","2.03","21.60","23.57","93.35","82.51","46.10","5.47","9.57","5.09","3.26","13.61","4.48","14.47","7.77","16.80","23.85","17.66","105.23","118.05","67.91","33.34","88.44","91.74","35.89","15.66","43.75","82.87","35.67","15.93","88.04","95.23","92.07","37.86","5.44","8.55","83.18","46.11","68.66","55.08","51.92","38.35","44.59","39.16","37.89","12.00","145.71","250.00","400.00","765.00","1427.50","0.63","6.69","11.72","18.97","31.32","43.96","62.04","52.33","2.51","67.26","8.05","17.01","32.74","72.00","26.02","16.72","691.51","86.62","3618.86","191.57","309.86","543.81","2325.69","694.22","36.13","83.54","149.44","0.74","3.03","18.75","8.14","0.29","53.23","1.08","8.04","20.02","1.67","60.44","46.97","7.91","21.95","63.11","47.47","14.90","1.81","21.21","73.75","82.69","89.98","1262.78","0.55","","4.53","21.62","61.77","64.00","74.73","","23.54","40.94","27.89","12.43","14.74","95.34","93.71","30.51","97.15","99.75","2.69","2.36","35.69","56.25","4.77","27.16","18.89","35.48","4.08","20.26","16.74","2.96","2.85","0.25","36.54","23.83","63.76","14.62","48883","58567","55225","53961","52619","48378","43018","38321","32461","26510","20425","52971","14982","10347","7215","4277","4439","572599","47329","57496","56515","59178","59713","56143","50481","45739","38455","31888","25507","50674","19298","13758","10382","6986","8800","638342","","5258","14840","528883","18870","92664","68693","69963","57303","895021","68642","224879","66834","826379","64475","156237","64947","670142","20039","20049","20278","106995","268301","66204","57496","34473","482843","367150","27094","1210941","1183847","1011084","116063","68642","826379","1204815","","","","","","124.09","87.52","114.74","95.34","43.21","92.24","85.51","0.55","0.64","0.702","0.608","0.795","0.717"
"62900","RM Salvador (BA)","2010","74.45","1.68","16.20","18.82","95.64","87.07","38.18","5.72","9.41","2.43","1.50","4.87","1.49","5.10","1.83","5.87","24.95","19.31","108.21","120.18","74.81","34.94","87.29","91.64","35.83","14.16","48.29","85.47","35.63","16.47","93.41","96.24","93.40","35.24","4.95","8.71","81.88","48.56","75.84","66.77","64.85","39.02","50.18","49.27","49.08","12.63","178.00","310.00","510.00","1000.00","1806.67","0.62","4.81","8.47","13.19","22.80","33.25","50.13","52.11","2.52","67.05","8.11","17.33","32.95","74.43","25.69","16.53","874.07","110.04","4554.60","244.49","402.86","682.80","2930.14","876.07","35.77","83.19","155.49","0.73","1.45","16.97","9.65","0.65","54.07","1.13","7.93","18.80","1.81","65.61","55.70","4.47","17.82","72.86","56.32","14.74","1.78","17.19","69.52","80.51","88.72","1404.46","0.55","","6.07","24.35","67.57","70.07","80.63","","39.41","44.35","27.10","13.37","16.67","94.56","93.45","28.36","95.86","99.76","1.70","0.91","22.89","51.71","3.76","17.35","9.91","24.99","2.51","15.11","12.60","2.67","1.99","0.24","33.84","17.30","62.17","19.19","120036","149023","147204","163277","180988","164428","134532","120378","104037","87980","65865","128419","47026","29971","21082","12821","13088","1690155","116424","144479","150238","175586","200355","185833","153378","138315","122715","104875","80444","124622","59044","42065","32489","23012","29944","1883818","","17816","43600","1830167","47006","232250","174303","173120","142674","2790970","179057","636305","180231","2611913","179200","457248","178555","2154665","46780","48031","48777","266262","677569","204472","144479","89915","1498293","1172469","67821","3573973","3506152","3084472","293502","179057","2611913","3558711","","","","","","128.40","110.94","123.80","96.47","46.06","93.69","85.39","0.668","0.657","0.743","0.661","0.824","0.754"
"63100","RM Belo Horizonte (MG)","2010","75.94","1.72","13.90","16.21","94.15","83.87","40.08","7.16","9.93","1.26","0.94","4.07","0.81","4.28","0.95","4.99","16.61","13.78","100.66","111.01","71.96","39.86","88.15","92.88","47.65","17.99","45.33","86.76","31.79","16.79","92.33","97.49","94.65","23.20","2.03","5.63","88.81","63.49","81.52","62.56","58.67","47.53","55.52","45.10","42.96","15.05","263.75","437.14","655.00","1213.33","2166.67","0.59","1.25","2.64","5.58","11.46","19.33","34.10","49.18","3.29","64.00","9.77","19.73","36.00","73.68","20.13","13.10","1079.91","177.41","5310.85","350.36","537.30","878.78","3455.69","1080.51","35.09","95.61","174.53","0.62","1.69","15.75","8.70","0.89","53.03","0.95","11.86","19.05","1.97","73.06","59.03","5.76","13.04","69.31","51.56","16.46","1.36","9.37","63.37","77.08","87.29","1581.70","0.49","","4.90","30.81","74.71","70.84","84.55","","28.63","34.59","13.73","6.67","7.46","98.88","97.57","20.45","98.62","99.91","0.55","0.19","22.19","54.67","2.51","17.39","6.57","24.67","1.91","14.33","6.40","1.81","1.25","0.09","33.07","18.22","65.39","24.11","157080","201970","202661","222381","228223","214025","179632","165878","150729","132690","101954","171556","75398","53700","38664","25013","23377","2344931","152085","198081","202375","227351","239135","226652","193616","182287","173164","153100","121902","166952","93342","68903","53610","38643","47841","2539039","","19602","74489","2546328","61756","318537","238046","239144","183966","3836246","241769","854768","239843","3594477","249797","612999","258717","2981478","63443","64484","64669","355538","915844","349751","198081","120629","2021921","1592195","91879","4883970","4792091","4236297","400051","241769","3594477","4860906","","","","","","118.54","106.73","115.41","97.64","60.02","94.97","91.93","0.626","0.730","0.774","0.694","0.849","0.788"
"63200","RM Grande Vitória (MG)","2010","75.85","1.78","12.90","15.13","93.08","83.39","41.04","6.44","9.89","1.27","0.95","4.74","0.99","5.00","1.24","5.87","16.10","12.93","97.83","107.52","69.73","36.99","87.40","91.86","46.05","18.16","45.23","82.97","30.75","14.18","89.57","96.42","92.97","22.86","1.70","4.89","87.16","62.28","80.89","65.16","61.75","48.30","55.70","47.67","45.92","15.14","255.00","433.33","672.00","1250.00","2138.75","0.57","1.28","2.58","5.89","11.82","20.09","34.29","46.54","3.32","62.12","9.91","20.39","37.88","74.75","18.79","12.54","1038.38","172.55","4832.79","341.81","544.17","908.31","3225.08","1039.40","36.24","96.21","172.94","0.59","1.63","17.56","9.68","1.60","51.71","1.09","9.86","19.21","2.68","71.44","57.83","5.72","13.66","71.81","54.48","16.93","1.08","9.74","61.13","75.27","86.37","1621.23","0.47","","4.85","30.37","71.20","69.32","82.38","","33.94","34.14","16.44","7.76","9.12","98.06","97.52","22.03","97.77","99.93","0.59","0.99","21.85","54.77","3.58","17.38","7.13","23.91","2.46","13.72","8.05","1.61","1.23","0.07","38.65","17.37","65.69","19.50","60010","71134","70049","80237","80604","72323","60086","56238","52115","46272","36027","63045","24716","16768","12119","8104","7794","817641","57810","69769","70579","80132","82469","77000","64743","61447","58583","52270","41217","60554","29518","21064","16522","12153","14233","870063","","6834","25568","846532","24115","111710","83901","84144","69966","1305382","84188","300997","83386","1221194","86385","216809","90292","1004385","23739","24349","24255","128443","324341","108757","69769","42037","681930","531219","28697","1687704","1659007","1446285","140903","84188","1221194","1678532","","","","","","113.68","99.14","109.95","96.66","57.88","93.41","90.31","0.652","0.718","0.772","0.695","0.848","0.782"
"63300","RM Rio Janeiro (RJ)","2010","75.31","1.66","13.70","15.96","92.72","82.62","42.85","9.12","9.56","1.64","1.00","3.57","0.97","3.73","1.33","4.22","20.40","16.46","105.28","114.98","77.76","36.41","88.26","92.04","43.62","16.15","47.61","86.72","34.84","16.21","93.01","96.75","94.14","29.10","3.20","7.98","84.01","56.64","80.13","67.33","65.05","43.53","52.68","47.89","47.03","15.60","255.00","433.33","666.67","1275.00","2333.33","0.60","1.87","3.88","6.76","13.70","21.06","36.60","50.37","2.91","65.40","8.88","18.42","34.60","69.17","22.68","14.72","1130.75","164.26","5695.18","338.04","539.31","914.75","3697.42","1132.00","35.27","90.73","168.83","0.67","0.64","16.99","7.55","0.75","58.28","1.12","7.70","19.79","1.92","68.14","54.63","6.32","16.33","73.76","55.31","18.01","1.32","10.16","60.73","75.04","85.56","1691.81","0.50","","3.83","17.73","63.33","64.58","78.51","","32.11","32.04","19.21","8.51","10.50","95.05","94.69","31.67","97.22","99.95","1.47","0.44","20.59","52.39","3.25","16.52","6.49","24.17","2.56","13.81","8.28","2.38","1.43","0.05","34.57","16.50","66.45","28.62","368046","489204","471328","481186","498858","476820","425553","401184","380625","342167","278412","408224","215523","152218","115646","77859","74879","5657732","358180","474734","466839","490318","526322","517240","470497","448159","438128","407992","347254","395473","278112","207310","171103","129361","160778","6287800","","36919","101075","5735949","143478","764713","573202","574531","432896","9452005","570077","1909745","557724","8881928","562655","1339668","572969","7542260","149880","155803","155056","847201","2181991","1089182","474757","283342","5059587","4102387","79832","11945976","11866144","10415943","963938","570077","8881928","11894867","","","","","","122.40","109.90","119.14","96.99","53.34","94.34","87.40","0.673","0.693","0.771","0.686","0.839","0.796"
"63500","RM São Paulo (SP)","2010","76.15","1.62","13.00","15.08","95.05","84.96","40.96","7.12","10.64","1.12","0.81","3.57","0.85","3.74","1.08","4.31","11.54","9.43","102.46","109.37","82.33","41.25","86.44","89.89","52.12","17.64","51.42","86.01","32.43","17.94","93.46","96.47","93.79","17.00","2.35","4.84","87.95","70.04","82.69","66.01","62.72","51.03","57.52","47.38","45.38","17.12","297.50","500.00","750.00","1400.00","2500.00","0.60","1.23","2.41","4.93","9.61","16.64","28.89","50.36","3.03","64.94","9.23","18.91","35.06","76.78","21.83","14.08","1249.72","189.54","6293.92","386.97","604.87","1009.10","4058.11","1250.43","36.12","93.32","172.40","0.66","0.63","15.55","6.13","0.10","53.12","0.77","14.02","18.29","2.20","71.85","60.57","3.28","14.73","73.52","55.35","19.86","1.31","9.45","56.10","71.43","83.76","1909.20","0.50","","5.07","30.00","74.66","69.59","82.39","","33.48","35.48","15.48","7.78","8.62","96.77","96.48","34.37","99.61","99.94","0.66","0.86","17.94","48.58","3.53","14.82","4.68","23.85","2.04","14.28","6.20","1.95","1.02","0.06","36.18","17.57","65.28","33.06","665324","815122","778399","874393","908091","841063","745188","684323","600497","524156","419477","711052","308994","209957","151932","98523","97114","9433605","642329","796749","775746","884602","957101","911673","812482","747361","688740","614103","501228","687070","386337","274949","216546","157727","195627","10250370","","81722","281651","10040093","260928","1280203","960301","958585","776157","15366329","938835","3313140","921079","14427494","951182","2374305","990210","12053189","270568","275942","270769","1453848","3672886","1402375","796749","468512","8124222","6463874","225087","19683975","19458888","16978200","1611871","938835","14427494","19601268","","","","","","117.43","126.38","119.72","96.80","65.88","94.05","92.17","0.660","0.756","0.794","0.723","0.853","0.812"
"63501","RM Baixada Santista (SP)","2010","75.50","1.86","14.00","16.18","94.70","84.03","45.16","9.06","10.73","1.00","0.94","3.98","1.03","4.18","1.32","4.75","11.75","9.30","99.63","106.39","79.83","28.40","89.07","92.23","54.02","13.46","48.39","84.75","26.24","11.89","93.73","97.19","94.02","18.94","1.75","5.42","90.13","68.18","82.12","65.32","62.29","50.42","56.85","46.81","45.00","14.47","273.60","466.67","705.71","1237.50","2000.00","0.54","1.61","3.25","5.78","11.48","18.20","32.14","43.44","3.56","58.83","10.94","22.50","41.17","68.26","15.88","10.75","996.70","177.21","4330.07","368.07","576.23","930.44","2931.54","997.50","37.26","91.40","168.56","0.53","0.90","16.85","9.14","0.45","57.78","1.05","7.68","20.45","2.46","67.69","54.04","5.30","16.84","72.41","54.47","16.61","1.17","12.13","59.74","75.76","87.97","1498.15","0.39","","4.32","29.58","73.39","65.99","81.91","","38.52","36.35","19.87","9.25","11.02","97.68","97.29","33.58","99.33","99.88","0.84","2.78","18.33","51.61","2.81","15.36","5.28","25.66","2.61","14.97","8.07","0.84","1.17","0.12","40.41","17.45","62","11","56739","69196","65827","67561","68966","65376","59501","55542","51362","45851","39141","60871","29849","22474","16930","11174","10341","796701","54759","67499","65323","67001","72682","70957","64305","60820","58445","53867","46443","57957","37583","29068","23320","17005","20401","867435","","5905","23615","803283","21726","108550","81545","81251","66681","1297115","79835","265712","78235","1217280","77166","185877","78735","1031403","23091","23464","23087","123509","311894","150713","67499","39876","687220","554896","3461","1664136","1660675","1433810","136695","79835","1217280","1656438","","","","","","112.40","106.87","111.00","97.43","64.20","94.450","92.930","0.653","0.756","0.777","0.720","0.842","0.775"
"63502","RM Campinas (SP)","2010","76.46","1.64","12.60","14.58","95.20","85.39","38.63","7.44","10.76","1.04","0.80","3.66","0.65","3.84","0.93","4.46","11.47","9.65","99.71","107.40","78.78","39.47","87.13","91.01","54.93","18.34","54.24","86.00","30.08","15.63","95.64","97.18","94.18","16.02","1.73","4.23","88.29","71.33","83.87","64.16","60.30","53.63","59.59","46.13","43.49","15.66","360.00","555.00","825.00","1400.00","2333.33","0.52","0.73","1.48","2.74","5.62","10.90","19.97","42.09","4.15","57.50","12.16","24.03","42.50","78.99","13.84","9.46","1148.94","238.30","4835.35","460.27","681.71","1061.40","3303.01","1149.24","35.62","92.06","178.88","0.47","2.19","14.45","7.11","0.19","45.18","0.98","19.41","17.29","2.54","76.65","65.12","2.84","11.31","72.17","53.79","17.74","1.19","7.57","53.61","71.40","85.26","1748.43","0.40","","4.45","35.03","77.42","70.74","84.92","","29.05","28.02","12.78","6.35","7.26","97.77","97.62","23.44","99.77","99.97","0.40","0.50","16.58","45.76","2.82","15.13","3.55","23.75","1.92","11.40","4.29","0.47","0.83","0.03","39.88","16.15","71","14","89238","109047","112650","129295","133513","122840","108759","102159","92031","80835","64158","93464","47506","32840","24333","16030","15298","1373996","85655","105326","109671","125303","133408","125442","112138","106755","99458","87827","70349","89667","53285","38769","30769","22550","26769","1423141","0","9583","46110","1481443","35354","171237","127600","129590","103929","2224740","131862","476919","131663","2092878","139535","345057","144581","1747821","35610","36553","35664","189714","492555","207358","105326","65056","1142493","907519","71844","2797137","2725293","2439113","214373","131879","2092861","2782978","","","","","","115.20","111.82","114.29","97.46","66.97","94.500","92.980","0.642","0.772","0.792","0.726","0.858","0.798"
"63503","RM Vale do Paraíba e Litoral Norte (SP)","2010","76.03","1.81","13.20","15.28","94.98","84.79","41.48","7.15","11.12","1.17","0.91","3.86","0.98","4.06","1.14","4.67","10.26","8.06","98.75","105.46","79.89","32.85","89.28","92.35","56.89","14.45","48.45","85.83","26.01","13.68","95.02","97.84","94.69","16.47","1.51","4.75","90.00","72.44","84.58","64.81","60.92","53.86","59.55","47.42","45.04","14.04","266.80","440.00","665.00","1135.00","1812.50","0.53","1.40","2.72","5.67","11.00","18.63","31.32","43.49","3.80","58.68","11.36","22.96","41.32","74.65","15.32","10.33","933.37","177.20","4059.43","352.91","541.16","857.15","2738.41","934.17","36.68","93.71","170.87","0.51","3.43","14.95","9.78","0.76","49.64","1.13","14.74","18.75","2.25","68.27","56.67","4.44","16.17","72.20","55.11","15.84","2.02","13.73","62.89","77.00","88.31","1462.22","0.42","","4.95","29.53","74.75","68.83","82.01","","26.79","29.60","15.84","7.67","8.68","97.35","97.13","26.98","99.61","99.76","0.79","0.63","16.73","51.55","2.16","14.75","5.41","25.97","2.11","13.09","7.24","0.45","1.18","0.24","37.14","16.99","61","6","76947","96283","96134","99578","102336","96094","85140","79398","72969","64872","53254","82020","40173","27637","19407","12255","11827","1116324","74322","93068","92613","96745","102174","98203","88015","82783","79343","69725","57012","79435","44065","31405","23077","16580","19705","1148270","","9373","33582","1134868","29969","151304","112733","114181","89815","1762519","113721","385070","111889","1648798","113808","271349","115571","1377449","31485","31532","31465","167970","432995","161893","93068","55626","901445","712087","133298","2264594","2131296","1951870","189351","113721","1648798","2248235","","","","","","111.44","107.40","110.38","98.01","67.75","95.130","93.630","0.648","0.778","0.781","0.732","0.851","0.765"
"64100","RM Curitiba (PR)","2010","76.17","1.84","11.20","13.09","94.44","85.36","41.04","6.43","10.71","0.90","0.77","3.37","0.64","3.56","0.78","4.16","14.93","12.91","98.22","106.60","74.80","42.69","86.57","90.57","47.38","20.44","45.34","80.45","32.85","16.06","90.09","97.13","92.74","18.51","1.86","4.63","87.99","64.99","80.41","64.63","61.36","49.35","55.42","46.69","44.88","17.77","333.17","518.33","800.00","1400.00","2333.33","0.55","1.01","1.80","3.54","6.84","13.09","22.96","45.29","3.65","60.46","10.90","21.86","39.54","76.80","16.63","11.10","1183.32","215.87","5359.51","428.77","648.52","1046.01","3577.41","1184.67","33.24","89.46","174.36","0.55","4.20","15.71","7.56","0.46","48.75","1.17","14.39","20.24","3.01","72.35","59.08","4.38","11.46","70.93","52.52","18.96","2.15","10.24","55.37","72.51","85.36","1735.98","0.44","","6.09","35.46","76.17","73.20","85.60","","20.07","23.68","9.63","4.45","4.94","98.28","97.45","17.16","99.71","99.87","0.42","1.78","20.59","54.66","2.87","17.58","5.33","23.33","2.49","14.05","4.63","0.89","0.84","0.13","36.41","18.55","71.66","19.82","113292","139161","139183","144333","147736","139113","124821","114213","100015","84155","67678","119520","49611","33846","23691","15100","13744","1569212","109917","133873","136919","145162","150467","143690","130167","122380","112792","96701","77700","114955","58853","41714","31177","22439","25718","1654624","","16628","58760","1703664","45730","217388","161322","164320","132120","2493118","165708","565597","163088","2327410","167435","399889","170160","1927521","45359","46141","44822","243980","627076","207429","133873","82076","1295879","1013798","267564","3223836","2956272","2766152","273034","165708","2327410","3207150","","","","","","113.07","104.38","110.78","97.37","60.02","93.29","91.18","0.646","0.731","0.783","0.701","0.853","0.803"
"64300","RM Porto Alegre (RS)","2010","76.31","1.80","11.10","12.92","94.95","85.48","42.06","8.24","10.07","1.19","0.90","3.10","0.81","3.25","0.94","3.70","17.94","13.91","98.44","109.01","68.45","43.74","87.65","92.15","42.99","17.59","34.61","82.56","31.85","17.93","73.54","96.63","92.97","25.96","2.40","5.53","88.29","58.09","78.83","63.64","60.78","42.26","50.03","44.07","42.95","13.99","300.00","502.00","750.00","1333.33","2255.00","0.56","1.18","2.69","4.66","10.37","15.53","29.83","46.66","3.43","61.61","10.45","21.11","38.39","72.03","17.86","11.79","1143.12","196.03","5333.95","401.31","609.24","987.74","3521.29","1143.91","38.46","93.33","171.62","0.57","2.51","16.44","7.08","0.22","49.37","1.06","18.32","20.13","2.93","72.79","56.93","5.29","13.30","70.82","51.01","15.10","1.64","10.43","60.27","75.52","86.79","1626.15","0.45","","4.41","33.56","77.61","70.64","85.89","","22.49","24.60","10.96","5.37","6.28","97.57","96.68","18.97","99.53","99.86","0.58","2.68","23.83","65.39","3.37","19.47","6.37","24.29","2.25","17.00","5.25","0.80","0.85","0.14","33.25","19.88","66.92","14.04","128319","167710","164385","169418","178464","160292","139020","134266","133745","119619","96674","142525","72789","49963","34776","22770","20536","1935271","124576","161524","161734","170064","182727","166772","146765","146967","151636","136986","114796","136925","90808","66287","51655","39134","47061","2096417","","14519","66068","2100299","50434","259927","193884","194786","149564","3170109","196866","665601","192327","2973243","196129","468735","200363","2504508","52897","54001","54111","294756","751549","332182","161524","97368","1673392","1341594","123929","4031688","3907759","3499343","329234","196866","2973243","4004769","","","","","","115.09","95.51","109.99","96.72","53.08","93.31","90.89","0.636","0.655","0.762","0.649","0.855","0.797"
"65100","RM Vale do Rio Cuiabá (MT)","2010","75.06","1.86","15.30","18.73","93.34","83.36","40.75","5.13","10.19","1.25","0.99","5.29","1.01","5.61","1.45","6.71","14.56","12.14","97.66","106.38","73.88","45.85","83.32","88.97","43.17","21.30","40.00","83.26","37.22","18.28","88.46","95.85","92.47","17.87","2.35","5.65","85.25","66.23","79.89","66.12","62.83","48.17","53.99","47.74","46.25","16.15","255.00","418.57","640.00","1178.00","1950.00","0.57","1.86","3.31","6.38","11.97","20.09","33.25","46.62","3.39","61.83","10.23","20.81","38.17","80.38","18.23","12.09","984.91","166.79","4591.70","336.83","521.27","854.93","3044.70","988.12","31.29","89.42","167.19","0.58","3.53","17.45","7.74","0.35","51.40","1.01","7.49","20.78","1.96","63.96","49.23","8.84","17.26","71.74","53.51","17.61","2.41","10.23","62.04","76.29","87.11","1571.30","0.45","","7.58","32.28","70.08","72.57","80.76","","23.60","31.34","13.15","6.22","7.75","92.12","91.21","28.93","97.17","99.86","4.16","1.21","19.02","60.00","4.15","15.79","6.23","24.37","2.54","10.29","6.79","0.84","1.08","0.14","36.82","12.95","54.09","12.36","32537","36339","37717","41168","40422","37442","31878","28300","24742","20579","15898","32718","11397","7798","5364","3265","3038","410602","31052","34891","37614","41885","41793","39232","33669","30158","26550","22491","16812","31090","12646","8530","6232","4055","4464","423164","","5399","14590","428120","12280","56788","41898","43079","38161","635139","45198","158384","45065","589941","46507","113186","47857","476755","13148","13318","12650","64932","166918","42746","34891","22502","326131","246632","32846","833766","800920","706369","71230","45198","589941","829409","","","","","","115.31","117.14","115.80","95.94","62.12","93.17","89.85","0.661","0.720","0.767","0.700","0.834","0.773"
"65200","RM Goiânia (GO)","2010","75.14","1.74","12.98","15.34","93.70","83.55","39.59","5.73","10.14","1.19","0.71","4.50","0.82","4.78","1.31","5.69","14.17","11.74","98.42","106.94","75.13","41.72","86.14","90.19","47.68","21.63","31.90","84.84","35.35","15.01","81.96","96.28","93.22","20.39","1.99","5.50","87.79","66.81","81.90","64.39","60.33","49.65","55.91","46.25","44.01","15.21","283.33","462.00","675.00","1205.00","2025.00","0.57","0.84","1.55","4.33","8.63","17.12","29.44","47.48","3.64","62.12","10.58","21.08","37.88","78.89","17.95","11.74","1063.93","193.57","5052.01","369.39","558.19","893.91","3304.60","1064.53","34.33","98.65","180.72","0.57","2.86","18.83","8.35","0.11","48.01","1.03","13.84","23.05","2.76","61.46","46.91","7.31","18.58","69.44","50.89","15.94","1.68","9.51","62.43","77.18","87.58","1588.12","0.48","","8.35","37.32","74.83","74.24","84.35","","21.23","22.04","10.57","5.23","6.20","93.52","93.06","18.67","99.68","99.94","3.65","0.25","20.75","68.10","3.72","17.34","5.83","25.34","2.44","12.60","5.14","1.34","1.03","0.06","33.32","16.25","69.11","20.26","77518","91003","95427","106836","106775","98482","83159","73778","63463","52084","39982","81007","29361","20783","15127","9235","8986","1053006","75265","88966","96746","108941","110720","103633","89310","81520","72299","61023","47670","78046","35547","25098","19072","12824","13455","1120135","","15027","42087","1164500","30934","144061","106703","109095","90374","1681336","112774","407950","114352","1568562","120968","295176","124132","1273386","31475","31664","31422","163297","420132","124580","88966","56707","877858","672171","43067","2173141","2130074","1861305","179969","112774","1568562","2165130","","","","","","113.42","107.58","111.86","96.40","62.51","93.70","91.91","0.644","0.716","0.769","0.691","0.836","0.786"
"65300","RIDE DF e Entorno (DF/GO/MG)","2010","76.41","1.89","13.20","15.40","94.42","84.55","42.87","4.74","10.05","1.19","0.85","4.98","0.90","5.30","1.62","6.31","17.56","14.70","101.27","109.66","76.51","45.89","89.28","93.18","48.22","19.75","38.97","86.82","34.80","16.80","89.90","97.23","94.60","24.44","2.38","6.65","87.17","62.55","79.84","66.16","63.01","48.80","55.30","49.47","48.12","18.72","254.00","430.00","730.00","1660.00","3200.00","0.64","1.96","3.44","7.20","12.97","21.61","34.47","51.84","2.35","68.67","7.23","15.43","31.33","77.45","28.67","18.99","1362.52","159.78","7063.02","332.87","558.28","1083.20","4678.47","1365.23","35.81","91.56","166.89","0.77","4.23","14.69","8.11","0.15","58.23","0.95","4.78","17.06","1.67","67.49","50.30","12.01","17.35","70.84","54.57","19.63","2.05","10.75","57.44","69.31","78.84","2157.86","0.62","","5.81","29.50","72.11","73.78","83.18","","30.25","35.15","16.46","7.65","8.79","95.62","95.19","25.01","98.07","99.71","1.75","1.21","21.76","61.03","2.77","16.79","7.57","23.54","2.52","17.35","6.92","2.14","0.93","0.29","32.41","19.76","61.16","25.06","147196","171561","163778","173754","181310","170546","145663","127895","102882","79480","60519","158479","44136","30533","22683","12944","11972","1805331","142813","167466","166989","178853","196451","188202","159139","138126","115970","90707","70132","153227","52203","36376","26799","16707","18690","1918850","","19697","58987","1906094","56882","268359","201641","200836","172381","2783439","199955","683374","196682","2583484","198521","483419","201481","2100065","60746","61538","60659","320836","789150","176704","167466","100915","1455344","1109502","218810","3724181","3505371","3122466","339027","199955","2583484","3703351","","","","","","116.04","105.05","113.26","97.45","59.23","94.94","89.62","0.662","0.721","0.792","0.701","0.857","0.826"
"","","","","","","","","","","","","","","","","","","","","","","","","","","","","","","","","","","","","","","","","","","","","","","","","","","","","","","","","","","","","","","","","","","","","","","","","","","","","","","","","","","","","","","","","","","","","","","","","","","","","","","","","","","","","","","","","","","","","","","","","","","","","","","","","","","","","","","","","","","","","","","","","","","","","","","","","","","","","","","","","","","","","","","","","","","","","","","","","","","","","","","","","","","","","","","","","","","","","","","","","","","","","","","","","","","","","","","","","","","","","","","","","","","","","",""
