"Cod_Reg","NOME_REG","COD_MUN","NOME_MUN","NOME_RM","CODRM","ANO","ESPVIDA","FECTOT","MORT1","MORT5","SOBRE40","SOBRE60","RAZDEP","T_ENV","E_ANOSESTUDO","T_ANALF11A14","T_ANALF15A17","T_ANALF15M","T_ANALF18A24","T_ANALF18M","T_ANALF25A29","T_ANALF25M","T_ATRASO_2_BASICO","T_ATRASO_2_FUND","T_FBBAS","T_FBFUND","T_FBMED","T_FBSUPER","T_FLBAS","T_FLFUND","T_FLMED","T_FLSUPER","T_FREQ0A5","T_FREQ15A17","T_FREQ18A24","T_FREQ25A29","T_FREQ5A6","T_FREQ6A14","T_FREQ6A17","T_FREQFUND1517","T_FREQFUND1824","T_FREQMED1824","T_FUND11A13","T_FUND15A17","T_FUND18A24","T_FUND18M","T_FUND25M","T_MED18A20","T_MED18A24","T_MED18M","T_MED25M","T_SUPER25M","CORTE1","CORTE2","CORTE3","CORTE4","CORTE9","GINI","PIND","PINDCRI","PMPOB","PMPOBCRI","PPOB","PPOBCRI","PREN10RICOS","PREN20","PREN20RICOS","PREN40","PREN60","PREN80","PRENTRAB","R1040","R2040","RDPC","RDPC1","RDPC10","RDPC2","RDPC3","RDPC4","RDPC5","RDPCT","RIND","RMPOB","RPOB","THEIL","P_AGRO","P_COM","P_CONSTR","P_EXTR","P_SERV","P_SIUP","P_TRANSF","CPR","EMP","P_FORMAL","TRABCC","TRABPUB","TRABSC","P_FUND","P_MED","P_SUPER","REN0","REN1","REN2","REN3","REN5","RENOCUP","THEILtrab","T_ATIV","T_ATIV1014","T_ATIV1517","T_ATIV1824","T_ATIV18M","T_ATIV2529","T_DES","T_DES1014","T_DES1517","T_DES1824","T_DES18M","T_DES2529","T_AGUA","T_BANAGUA","T_DENS","T_LIXO","T_LUZ","AGUA_ESGOTO","PAREDE","T_CRIFUNDIN_TODOS","T_FORA0A5","T_FORA6A14","T_FUNDIN_TODOS","T_FUNDIN_TODOS_MMEIO","T_FUNDIN18MINF","T_M10A17CF","T_MULCHEFEFIF014","T_NESTUDA_NTRAB_MMEIO","T_OCUPDESLOC_1","T_RMAXIDOSO","T_SLUZ","T_VULNERA_NESTUDA_NTRAB_MMEIO","T_VULNERA_MULCHEFE","T_VULNERA_RMAXIDOSO","T_VULNERA_OCUPDESLOC_13","HOMEM0A4","HOMEM10A14","HOMEM15A19","HOMEM20A24","HOMEM25A29","HOMEM30A34","HOMEM35A39","HOMEM40A44","HOMEM45A49","HOMEM50A54","HOMEM55A59","HOMEM5A9","HOMEM60A64","HOMEM65A69","HOMEM70A74","HOMEM75A79","HOMENS80","HOMEMTOT","MULH0A4","MULH10A14","MULH15A19","MULH20A24","MULH25A29","MULH30A34","MULH35A39","MULH40A44","MULH45A49","MULH50A54","MULH55A59","MULH5A9","MULH60A64","MULH65A69","MULH70A74","MULH75A79","MULHER80","MULHERTOT","PEA","PEA1014","PEA1517","PEA18M","PESO1","PESO1114","PESO1113","PESO1214","PESO13","PESO15","PESO1517","PESO1524","PESO1618","PESO18","PESO1820","PESO1824","PESO1921","PESO25","PESO4","PESO5","PESO6","PESO610","PESO617","PESO65","PESOM1014","PESOM1517","PESOM15M","PESOM25M","PESORUR","PESOTOT","PESOURB","PIA","PIA1014","PIA1517","PIA18M","POP","POPT","MULCHEFEFDOM","DOMVULNERACOMID","POPVULNERAVEL15A24","OCUPMMEIOD","T_FBFUND_TUDO","T_FBMED_TUDO","T_FBBAS_TUDO","T_FLFUND_TUDO","T_FLMED_TUDO","T_FLBAS_TUDO","T_FUND11A13_TUDO","I_ESCOLARIDADE","I_FREQ_PROP","IDHM","IDHM_E","IDHM_L","IDHM_R"
"326034501","RPA 01 ( Sul )","260345","CAMARAGIBE","RM Recife (PE)","62600","2000","68.64","2.10","40.40","51.11","88.74","74.61","47.28","5.24","9.27","5.17","4.64","13.01","4.56","13.76","6.44","16.38","32.92","23.70","115.41","125.15","88.61","6.98","90.20","94.78","27.72","3.34","40.55","83.53","37.27","11.60","92.85","96.41","92.98","47.95","8.02","19.29","55.42","33.18","59.09","42.48","37.80","21.70","28.50","23.79","22.46","3.12","98.26","174.85","273.68","440.20","683.72","0.53","10.91","17.33","29.73","41.22","56.97","68.71","41.71","3.47","57.18","11.18","23.66","42.82","73.60","14.92","10.23","354.80","61.63","1479.85","136.75","221.34","339.89","1014.40","359.58","42.75","79.89","133.21","0.49","0.36","21.15","8.19","0.00","55.22","0.65","11.21","21.50","1.43","58.78","45.31","8.36","22.16","53.87","34.23","4.64","1.28","53.33","82.65","91.01","96.92","818.21","0.45","","1.68","22.06","63.75","58.85","73.29","","40.24","48.86","34.63","19.91","18.74","91.23","78.83","37.34","88.23","99.85","16.09","","40.68","59.45","3.59","32.01","24.86","46.28","2.68","10.83","18.05","","4.13","0.15","30.08","19.62","55.83","","2531","2804","2985","3023","2750","2319","2008","1691","1409","1118","811","2598","733","474","347","220","207","28026","2525","2703","3037","3219","2966","2656","2262","1937","1634","1415","994","2614","923","653","498","319","365","30718","","93","775","23222","1023","4455","3300","3313","3028","42971","3511","12264","3637","39460","3746","8753","3773","30707","1005","1084","1059","5178","13144","3080","2703","1768","22877","16621","0","58744","58744","48478","5507","3511","39460","58582","","","","","","133.29","100.97","124.66","96.41","31.63","93.15","76.80","0.425","0.508","0.596","0.479","0.727","0.609"
"326034502","RPA 02 ( Sudoeste )","260345","CAMARAGIBE","RM Recife (PE)","62600","2000","66.08","2.41","49.20","62.19","86.49","70.47","51.02","4.04","8.94","5.55","4.98","20.07","6.60","21.49","10.36","25.84","32.11","23.77","118.04","130.18","78.08","0.86","89.44","95.09","21.47","0.71","36.54","76.76","33.62","12.22","84.89","95.89","91.43","48.83","13.61","15.69","52.88","25.36","41.34","28.64","24.73","8.94","16.15","12.97","11.99","1.18","73.69","130.14","195.21","290.08","390.42","0.44","17.01","25.04","42.81","55.41","75.93","85.74","33.29","4.47","48.60","14.02","29.19","51.40","73.61","9.50","6.93","208.33","46.55","693.58","99.45","158.03","231.41","506.22","212.95","41.95","77.08","126.23","0.33","0.59","19.15","13.43","0.00","54.03","0.43","10.49","16.90","1.07","52.57","46.15","4.32","30.67","38.59","19.74","1.74","0.89","63.05","91.57","96.47","99.22","537.82","0.25","","2.61","28.08","63.18","57.55","67.20","","43.99","31.35","33.18","22.50","19.87","93.25","67.41","47.38","77.65","100.00","24.76","","52.44","63.46","4.11","45.76","39.08","57.34","0.00","15.26","26.06","","4.70","0.00","35.31","40.86","58.82","","1257","1212","1268","1276","1179","1021","916","693","581","496","364","1279","303","219","115","78","60","12316","1145","1189","1203","1328","1273","1075","921","692","584","499","394","1279","319","192","132","75","128","12428","","63","425","9281","487","1959","1489","1457","1429","17639","1512","5161","1545","16127","1508","3649","1526","12478","533","544","526","2540","6011","1016","1209","720","8944","6371","0","25132","25132","20040","2401","1512","16127","24104","","","","","","134.96","89.53","124.37","96.11","22.90","91.12","74.08","0.286","0.430","0.512","0.375","0.685","0.524"
"326034503","RPA 03 ( Sudeste )","260345","CAMARAGIBE","RM Recife (PE)","62600","2000","68.93","2.09","39.40","49.92","88.99","75.08","45.79","4.68","9.68","3.11","2.72","10.09","2.98","10.78","4.56","12.91","30.72","19.89","117.09","131.97","76.06","9.69","88.62","92.34","32.92","4.53","45.91","87.31","37.03","13.35","95.87","97.86","95.05","45.21","13.75","13.58","63.81","40.58","55.26","45.82","43.40","24.97","27.51","28.20","28.37","4.40","130.14","195.21","292.81","468.50","732.03","0.49","6.63","12.34","23.51","31.66","54.79","66.18","38.15","4.40","54.56","12.94","25.76","45.44","71.32","11.80","8.44","362.76","79.73","1383.90","154.89","232.57","357.02","989.60","364.27","40.72","87.53","144.82","0.42","0.80","14.94","9.79","0.00","59.35","0.85","12.24","20.48","1.02","60.90","49.29","7.95","20.57","56.90","38.03","6.00","0.68","48.47","79.66","87.83","96.25","806.66","0.37","","3.03","23.49","69.57","61.61","71.46","","40.31","74.06","46.45","23.27","25.72","94.78","84.86","35.50","97.63","100.00","8.47","","36.38","54.09","2.14","29.61","21.63","43.23","2.51","14.44","20.46","","5.25","0.00","34.28","20.30","66.95","","648","797","805","777","692","632","544","489","338","317","236","673","195","128","83","48","35","7434","635","737","823","803","810","690","652","544","437","374","276","665","235","165","106","72","93","8113","","46","229","6420","266","1254","933","913","766","11393","973","3208","989","10420","988","2235","1003","8186","250","298","267","1319","3546","728","737","482","6077","4451","0","15546","15546","12927","1534","973","10420","15498","","","","","","143.38","90.92","129.42","97.86","39.83","95.86","78.13","0.458","0.563","0.618","0.526","0.732","0.613"
"326034504","RPA 04 ( Centro Leste )","260345","CAMARAGIBE","RM Recife (PE)","62600","2000","66.93","2.39","46.20","58.36","87.26","71.86","54.28","3.69","7.54","9.04","6.19","17.89","7.22","19.13","9.70","23.17","40.16","31.08","117.94","133.46","76.47","2.48","85.05","93.38","13.89","0.58","30.02","71.71","31.83","18.22","78.51","94.17","88.05","48.25","10.82","16.22","35.79","17.71","42.45","29.47","24.55","6.11","15.76","12.65","11.48","2.19","78.08","123.63","176.86","294.77","430.44","0.52","14.79","22.00","45.53","58.87","75.83","87.68","42.69","4.09","57.06","12.46","24.70","42.94","69.61","13.71","9.16","242.84","49.64","1036.68","101.63","148.63","221.44","692.84","245.71","41.42","82.54","122.14","0.46","1.10","17.16","15.07","0.29","55.04","0.00","7.97","20.92","1.74","48.73","43.22","2.77","30.76","35.25","16.02","1.98","0.59","68.38","91.42","95.68","98.35","551.47","0.33","","3.00","29.24","73.24","63.92","73.69","","42.38","47.18","38.56","24.54","17.77","93.20","71.05","53.44","81.93","99.94","21.97","","53.77","69.98","5.83","44.66","38.15","57.10","2.67","19.15","27.24","","3.47","0.06","36.12","29.72","51.12","","792","778","843","833","678","582","469","370","288","246","173","762","159","89","69","33","41","7204","747","756","815","772","710","624","510","388","375","301","207","792","172","121","99","36","50","7474","","46","326","6733","349","1435","1081","1041","1086","11648","1115","3782","1190","10534","1187","2668","1154","7866","341","393","368","1768","4317","628","872","535","5977","4139","0","17019","17019","13182","1534","1115","10534","16985","","","","","","140.88","83.79","125.33","94.17","15.07","88.05","59.02","0.295","0.345","0.500","0.327","0.699","0.548"
"326034505","RPA 05 ( Norte )","260345","CAMARAGIBE","RM Recife (PE)","62600","2000","70.02","1.97","36.00","45.66","89.87","76.79","56.95","4.24","7.82","9.39","10.58","25.35","13.59","26.92","18.01","31.17","37.76","30.84","110.44","124.23","65.65","7.08","86.08","90.59","22.11","3.86","30.29","79.23","39.35","11.78","73.36","94.09","90.59","49.32","14.01","14.79","38.22","22.99","31.82","25.61","23.59","8.29","12.09","16.35","17.74","7.67","78.08","126.50","176.08","325.35","897.96","0.78","15.09","22.70","48.57","63.38","71.29","84.18","75.12","1.65","83.01","4.83","9.40","16.99","81.27","62.27","34.41","643.34","52.95","4832.51","102.27","147.14","244.09","2670.25","650.83","45.96","87.32","117.73","1.24","4.97","14.28","12.86","0.00","58.74","0.49","5.15","16.50","2.16","42.34","35.54","2.54","42.69","29.98","19.69","8.01","0.57","65.56","84.56","87.54","91.23","1595.57","1.14","","2.01","25.73","68.64","66.01","72.52","","36.61","41.02","33.72","19.30","19.84","84.67","56.65","46.03","67.83","100.00","36.24","","73.64","69.71","5.91","62.11","52.98","60.23","6.63","24.17","23.11","","2.55","0.00","31.63","46.78","46.05","","809","791","821","837","696","591","491","429","331","272","204","835","186","112","83","57","55","7600","791","799","805","764","700","554","495","423","312","269","195","788","178","106","95","53","66","7391","","32","205","4971","265","1092","833","800","787","8328","797","2621","812","7531","772","1824","759","5707","263","276","255","1251","3139","520","663","384","4088","2812","0","12262","12262","9918","1590","797","7531","11988","","","","","","135.78","69.67","120.22","94.09","22.59","90.59","60.27","0.256","0.357","0.553","0.320","0.750","0.705"
"326079001","Regional 01 ( Centro )","260790","JABOATÃO DOS GUARARAPES","RM Recife (PE)","62600","2000","67.54","2.30","44.10","55.72","87.80","72.84","50.56","4.89","8.45","7.95","6.27","15.93","6.99","16.86","9.31","19.57","37.05","26.97","112.21","129.64","65.25","6.05","89.23","92.81","24.43","2.68","40.33","82.54","33.12","9.35","90.01","95.00","91.62","53.46","12.34","13.83","53.94","28.64","48.52","36.41","33.11","17.38","22.96","20.46","19.78","2.23","91.10","147.38","228.39","380.66","575.87","0.51","12.75","17.84","36.44","48.34","64.88","76.12","39.96","3.73","55.55","11.91","24.45","44.45","70.88","13.42","9.33","292.20","54.43","1167.54","119.60","183.16","292.19","811.65","297.58","40.71","81.36","128.26","0.45","1.74","18.30","10.04","0.25","51.13","0.68","15.42","20.02","1.34","56.72","49.37","3.83","23.87","46.01","29.33","3.37","1.54","54.74","84.81","92.62","97.82","739.44","0.40","","4.24","25.36","65.88","58.45","70.62","","57.77","59.48","43.21","26.94","28.67","91.84","77.20","39.50","70.04","99.66","14.71","","48.48","59.67","5.00","41.26","34.59","53.01","2.57","15.09","23.88","","4.27","0.34","35.68","27.21","49.42","","4802","5288","5371","5080","4822","4218","3765","3004","2390","1776","1404","4992","1143","770","643","391","357","50213","4646","5135","5434","5213","5125","4675","4093","3505","2714","2094","1720","4973","1543","1077","789","530","535","53798","","442","1658","39534","1863","8481","6267","6431","5662","74176","6538","21098","6609","67638","6365","14560","6121","53079","1922","2018","1946","9889","24908","5091","5135","3269","39045","28398","3465","104010","100545","84599","10423","6538","67638","103731","","","","","","135.41","73.77","118.73","95.06","26.57","91.80","69.49","0.364","0.475","0.563","0.435","0.709","0.578"
"326079002","Regional 02 ( Cavaleiro )","260790","JABOATÃO DOS GUARARAPES","RM Recife (PE)","62600","2000","67.65","2.28","43.70","55.24","87.90","73.02","51.78","4.78","8.23","8.54","6.26","14.72","6.48","15.52","8.03","18.14","34.47","25.37","108.43","125.44","60.96","3.44","86.68","91.22","21.87","1.54","41.15","77.99","28.41","9.06","89.10","94.12","89.87","50.74","10.09","12.88","52.05","25.83","48.92","36.71","33.25","16.38","24.68","19.86","18.50","1.26","97.60","147.38","225.47","342.59","499.74","0.52","12.21","17.33","35.85","46.42","66.61","77.81","42.91","3.81","56.74","12.04","24.41","43.26","74.82","14.25","9.42","295.61","56.28","1268.44","121.71","182.73","278.66","838.66","299.77","40.91","82.46","132.15","0.49","0.38","21.26","9.30","0.09","54.58","0.49","11.57","23.97","1.28","54.04","46.85","3.67","23.31","46.85","27.67","1.68","0.95","57.56","88.14","94.13","98.13","762.77","0.49","","4.72","29.66","65.47","59.33","72.69","","50.72","54.37","36.86","24.69","24.61","92.49","72.38","43.90","65.13","99.93","19.27","","44.34","58.85","5.88","37.86","30.68","52.77","4.04","19.03","24.74","","4.49","0.07","36.72","30.60","51.23","","5241","5396","5490","5399","4836","4268","3724","2846","2327","1900","1422","5298","1131","738","547","380","348","51288","5058","5262","5506","5575","5265","4745","4153","3265","2818","2329","1693","5005","1513","1088","865","528","599","55266","","503","1936","40801","2100","8596","6406","6480","6183","75295","6526","21969","6706","68769","6656","15443","6565","53326","2016","2163","2064","10202","25324","5093","5262","3240","39941","28861","0","106554","106554","85953","10658","6526","68769","106095","","","","","","132.22","68.89","115.52","94.34","24.22","90.05","71.08","0.367","0.458","0.560","0.425","0.711","0.580"
"326079003","Regional 03 ( Curado )","260790","JABOATÃO DOS GUARARAPES","RM Recife (PE)","62600","2000","69.04","2.06","39.10","49.50","89.07","75.24","45.59","3.65","9.38","4.91","3.16","7.92","3.67","8.36","4.51","9.62","24.74","18.19","114.97","122.28","94.70","10.32","89.90","92.76","39.98","4.74","42.36","85.76","33.16","11.32","84.47","96.68","93.78","39.69","8.23","17.65","64.54","45.02","60.56","53.78","51.96","22.44","32.29","32.45","32.50","2.82","117.13","209.20","318.84","536.82","780.84","0.46","8.05","13.51","24.56","35.84","49.07","60.28","33.51","3.88","50.73","12.61","26.76","49.27","73.15","10.63","8.05","371.50","72.16","1245.06","162.00","262.83","418.26","942.24","373.84","40.09","82.71","138.61","0.39","0.74","19.10","6.21","0.07","58.25","0.67","11.95","20.22","0.90","64.45","53.50","7.42","17.09","63.57","43.15","3.67","0.87","44.24","76.98","88.12","96.86","809.85","0.31","","3.67","20.16","73.36","66.66","79.81","","56.69","66.55","39.40","23.90","23.10","97.49","83.84","33.75","75.81","100.00","6.50","","29.45","57.64","3.32","22.87","18.25","37.04","3.38","15.38","17.52","","2.80","0.00","33.93","23.71","50.49","","1949","2287","2290","2060","1827","1698","1773","1563","1179","917","521","2064","369","228","154","119","106","21103","1863","2196","2416","2254","2183","2089","2122","1791","1469","1002","678","1999","483","362","269","188","205","23567","","165","556","19701","770","3649","2756","2744","2278","32314","2760","9019","2852","29554","2822","6259","2711","23296","764","795","746","4102","10511","1632","2196","1458","17510","12841","0","44671","44671","36797","4483","2760","29554","44437","","","","","","128.80","102.77","121.91","96.84","43.61","94.09","79.77","0.538","0.541","0.625","0.540","0.734","0.617"
"326079004","Regional 04 ( Muribeca )","260790","JABOATÃO DOS GUARARAPES","RM Recife (PE)","62600","2000","67.90","2.26","42.80","54.20","88.11","73.42","52.32","3.13","7.92","12.13","8.63","14.47","9.59","15.04","10.95","16.61","30.95","23.94","103.17","113.08","73.16","3.41","82.78","87.25","28.94","1.20","37.46","71.95","28.80","7.65","82.49","90.09","85.59","39.13","8.70","15.75","53.16","33.87","53.26","46.07","43.97","18.64","23.35","26.01","26.79","1.70","86.67","156.56","244.01","418.24","620.11","0.49","11.93","16.17","33.23","43.62","62.90","74.47","36.75","3.57","53.79","11.93","25.11","46.21","75.47","12.32","9.02","297.77","53.15","1094.42","124.50","196.14","314.22","800.82","304.46","36.64","76.54","130.26","0.41","3.22","21.60","6.83","0.15","53.11","0.55","11.02","20.79","0.53","60.53","53.10","3.78","20.27","55.63","35.73","2.26","1.54","49.14","81.36","90.70","97.49","753.47","0.32","","4.61","27.61","60.21","62.97","71.21","","34.17","59.55","42.58","26.23","23.97","89.50","72.40","40.51","81.14","98.82","17.67","","40.38","62.54","9.91","33.42","28.05","42.86","3.55","14.53","27.65","","2.72","1.18","41.36","27.27","51.54","","2486","2323","2429","2095","1928","1906","1715","1449","1079","782","484","2368","358","229","185","107","82","22003","2423","2333","2329","2339","2267","2207","1997","1595","1177","862","565","2339","455","313","233","134","151","23718","","215","772","18043","991","3767","2864","2819","2937","31449","2795","9192","2892","28654","2894","6397","2741","22257","982","1029","992","4568","11130","1432","2333","1361","16623","11955","6424","45721","39297","36105","4656","2795","28654","43958","","","","","","117.62","82.87","108.99","90.08","32.60","85.92","71.04","0.461","0.470","0.579","0.467","0.715","0.581"
"326079005","Regional 05 ( Prazeres )","260790","JABOATÃO DOS GUARARAPES","RM Recife (PE)","62600","2000","68.57","2.12","40.60","51.41","88.68","74.49","52.22","4.22","7.84","9.68","7.54","14.94","7.33","15.69","9.06","18.27","36.62","28.04","106.90","122.55","62.30","4.81","83.73","88.77","20.81","2.13","33.59","73.17","29.22","7.53","81.92","91.17","86.50","47.09","10.39","13.27","49.11","26.12","46.88","37.01","33.87","16.26","20.73","20.46","20.37","2.53","97.60","156.38","244.01","411.89","614.91","0.52","12.12","17.32","33.94","45.60","61.88","72.96","40.55","3.63","56.22","11.52","23.78","43.78","72.94","14.08","9.76","318.43","57.82","1291.24","125.66","195.14","318.41","895.13","322.62","42.38","81.49","129.89","0.46","0.90","20.23","8.66","0.12","49.98","0.48","16.41","24.36","1.66","52.76","45.34","2.94","24.44","46.02","27.90","3.54","1.39","54.12","83.70","90.90","96.74","763.53","0.39","","6.65","31.34","66.80","61.76","73.62","","60.33","54.74","35.67","23.92","25.28","96.43","78.47","45.80","76.03","99.64","12.64","","45.57","66.41","8.83","39.18","30.45","51.40","3.66","19.84","25.34","","3.35","0.36","39.48","32.06","45.77","","4412","4422","4643","4461","3899","3320","2893","2320","1868","1442","1112","4251","854","598","426","263","222","41405","4310","4334","4722","4725","4342","3867","3314","2726","2207","1790","1281","4335","1134","833","568","346","404","45235","","582","1744","33975","1763","7176","5421","5345","5212","60576","5565","18550","5807","55011","5728","12986","5498","42026","1747","1783","1803","8383","21123","3659","4334","2810","32257","22810","3193","86639","83446","69332","8756","5565","55011","86239","","","","","","128.37","69.58","113.10","91.28","22.27","86.55","66.28","0.370","0.434","0.562","0.412","0.726","0.592"
"326079006","Regional 06 ( Praias )","260790","JABOATÃO DOS GUARARAPES","RM Recife (PE)","62600","2000","71.78","1.78","30.90","39.19","91.24","79.51","47.21","4.05","8.75","6.73","4.84","9.31","5.64","9.74","6.98","10.89","28.23","23.70","104.09","115.41","72.84","27.75","87.65","90.43","40.21","16.25","40.86","81.72","38.48","14.08","82.69","93.15","90.11","36.27","7.13","10.70","57.78","45.33","61.27","61.08","61.03","33.11","38.46","47.31","49.75","18.19","122.98","260.28","644.58","1444.55","2570.12","0.66","8.27","13.37","23.27","34.89","39.76","53.86","50.69","1.35","68.67","4.80","12.78","31.33","74.38","42.22","28.60","1055.10","71.25","5348.40","182.14","420.63","978.60","3622.90","1070.54","38.75","79.75","125.88","0.90","0.86","19.42","6.26","0.06","59.53","0.60","10.07","23.18","6.69","59.49","42.60","6.30","19.36","68.44","56.38","20.31","1.84","35.14","56.76","64.17","77.89","2215.92","0.80","","4.77","25.45","66.16","66.64","75.63","","34.77","57.22","31.91","18.80","19.09","93.47","76.20","33.28","74.84","99.65","12.76","","35.75","59.14","6.85","26.35","21.81","30.85","3.05","16.83","14.79","","1.61","0.35","35.44","26.39","52.98","","6007","6571","7013","6155","5263","5140","4973","4252","3279","2615","1694","6102","1243","850","592","355","289","62389","5906","6593","7078","6992","6435","6030","6009","4964","3983","3077","2085","5943","1575","1147","909","521","640","69883","","628","2257","61595","2600","11357","8517","8564","7672","101297","8867","29130","9113","92430","9015","20263","8650","72167","2477","2617","2701","12958","33182","5704","7037","4443","54696","39669","0","140976","140976","114461","13164","8867","92430","139935","","","","","","119.76","82.65","109.88","93.31","44.02","90.43","72.72","0.611","0.547","0.703","0.568","0.780","0.785"
"326079007","Regional 07 ( Guararapes )","260790","JABOATÃO DOS GUARARAPES","RM Recife (PE)","62600","2000","66.97","2.35","46.00","58.19","87.30","71.92","52.67","4.25","7.71","9.21","6.75","15.98","6.58","16.96","8.78","20.41","39.93","30.45","108.16","126.86","58.30","3.24","85.06","89.55","20.53","1.71","31.27","74.69","30.68","7.22","78.20","91.57","86.97","50.76","11.62","13.16","46.66","26.22","46.02","32.52","28.07","15.28","21.75","16.78","15.14","1.58","81.66","137.04","207.41","317.70","484.12","0.48","14.17","19.75","40.37","53.06","69.71","81.39","36.65","4.10","52.23","12.93","26.73","47.77","74.51","11.34","8.08","248.30","50.86","910.12","109.65","171.33","261.25","648.41","253.51","40.53","80.76","127.77","0.38","0.45","19.43","8.62","0.00","54.23","0.39","13.48","22.09","0.41","51.02","45.25","3.04","28.55","39.91","22.35","2.11","0.66","62.10","88.85","94.82","98.32","613.10","0.29","","6.01","30.78","67.71","61.92","74.18","","35.56","52.03","34.88","23.96","25.31","82.17","62.76","46.48","68.04","99.94","26.03","","51.41","68.73","8.43","42.48","34.39","54.96","5.10","21.15","25.44","","3.70","0.06","35.66","31.65","42.17","","3023","2934","3316","3124","2696","2190","1802","1586","1205","996","692","2883","603","403","302","184","157","28094","3015","3047","3415","3303","2826","2411","2097","1786","1489","1230","920","2845","744","564","368","230","286","30576","","359","1211","22904","1205","4875","3612","3698","3663","40923","3934","13158","4160","36989","4084","9224","3930","27765","1170","1182","1237","5652","14461","2493","3047","1994","21669","14951","0","58669","58669","46904","5981","3934","36989","58476","","","","","","132.25","63.79","113.58","91.87","22.52","87.43","65.42","0.325","0.416","0.529","0.383","0.700","0.552"
"326116001","RPA 1 ( Centro )","261160","RECIFE","RM Recife (PE)","62600","2000","70.17","1.85","35.60","45.08","89.99","77.02","52.87","7.99","8.33","9.32","7.27","13.53","7.23","14.08","9.03","15.87","34.96","27.86","111.36","125.33","72.76","20.97","87.48","90.74","28.23","10.45","36.63","79.99","37.89","17.07","83.89","92.89","89.46","47.96","11.67","13.52","49.00","32.14","52.64","50.92","50.47","23.07","30.11","36.29","37.93","15.63","94.68","171.78","346.98","932.12","1903.29","0.67","13.30","23.20","32.88","52.27","50.53","70.23","52.15","1.50","70.86","5.13","12.24","29.14","63.26","40.68","27.63","705.01","52.93","3676.93","127.83","250.76","595.85","2497.66","715.24","38.94","76.63","115.23","0.90","0.30","17.74","4.80","0.00","66.69","0.78","7.77","26.87","3.25","57.00","42.55","7.15","18.98","61.53","47.24","19.02","1.24","47.28","70.21","77.08","86.68","1336.20","0.66","","6.02","27.39","68.44","63.13","79.25","","50.36","47.48","41.19","21.56","21.85","94.90","77.89","42.90","94.15","100.00","5.42","","48.60","63.37","7.11","35.01","28.42","41.20","5.91","25.39","20.87","","3.40","0.00","39.01","27.57","47.37","","3394","3708","3923","3480","3005","2676","2626","2273","1723","1406","997","3465","948","708","567","385","355","35639","3321","3595","4178","3999","3493","3248","3065","2696","2223","1989","1607","3286","1533","1316","1152","846","912","42459","","440","1265","33275","1318","5920","4326","4497","4064","57329","4620","15580","4830","52709","5117","10960","4890","41749","1333","1431","1393","6703","17243","6241","3595","2350","32257","24080","0","78098","78098","64632","7303","4620","52709","76592","","","","","","128.78","80.90","116.05","92.89","30.34","89.68","64.65","0.509","0.470","0.640","0.483","0.753","0.720"
"326116002","RPA 2 ( Norte )","261160","RECIFE","RM Recife (PE)","62600","2000","69.93","2.02","36.30","45.98","89.81","76.66","51.46","6.72","8.74","7.84","5.33","11.95","5.39","12.55","7.28","14.45","33.06","25.65","116.11","128.32","82.22","13.25","89.15","92.63","30.56","7.74","41.26","82.15","39.84","13.91","87.47","94.63","91.32","47.69","12.46","16.55","52.19","33.78","55.17","46.89","44.70","22.42","28.60","29.11","29.25","8.90","98.26","175.69","292.81","634.43","1195.66","0.62","10.68","17.32","30.28","43.40","55.95","70.12","50.51","2.46","67.19","7.79","16.51","32.81","67.73","25.93","17.25","513.85","63.17","2595.62","137.02","224.06","418.62","1726.38","517.10","43.35","82.49","131.83","0.71","0.31","17.41","6.36","0.03","66.15","0.80","7.58","22.63","2.23","58.27","45.89","6.73","21.63","57.10","38.36","11.23","0.89","51.39","75.99","83.10","91.22","1077.29","0.59","","4.39","24.32","66.74","61.52","75.08","","37.73","51.80","38.49","21.77","24.64","98.75","83.04","42.20","97.03","99.92","9.11","","39.62","58.74","5.37","31.29","25.12","43.62","4.21","18.13","19.93","","4.83","0.08","33.84","23.81","48.55","","9159","9997","10545","9705","8453","7787","7070","5758","4648","3701","2615","9443","2202","1740","1351","898","804","95876","8833","9620","10585","10314","9371","9148","8198","7220","5978","5050","3898","9096","3751","2970","2509","1652","1917","110110","","861","3000","84592","3640","15886","11907","11905","10673","149838","12334","41149","12716","137504","13053","28815","12663","108689","3679","3684","3850","18586","46806","13841","9620","6179","82561","61662","0","205986","205986","169455","19617","12334","137504","205253","","","","","","132.84","89.99","121.49","94.60","32.64","91.44","70.64","0.469","0.490","0.623","0.483","0.749","0.669"
"326116003","RPA 3 ( Noroeste )","261160","RECIFE","RM Recife (PE)","62600","2000","71.08","1.82","32.80","41.67","90.71","78.45","49.35","6.67","9.06","6.18","4.59","11.51","4.91","12.13","7.10","14.04","30.13","22.96","111.94","124.65","78.93","22.91","90.07","93.11","37.17","14.74","42.99","84.65","41.99","13.63","89.47","95.08","92.18","43.23","9.96","14.58","58.19","41.65","59.07","50.54","48.32","29.61","34.29","35.22","35.46","16.02","108.45","190.65","333.16","1137.09","2684.12","0.70","8.87","14.60","27.53","40.96","50.61","65.48","56.11","1.55","76.40","4.86","10.56","23.60","71.80","46.23","31.47","890.48","68.97","4996.65","147.21","253.93","580.65","3401.65","896.53","44.38","84.01","131.41","1.00","0.90","16.82","6.77","0.08","65.21","0.89","8.44","20.74","4.69","61.96","46.05","7.64","19.65","61.01","45.74","20.38","1.29","44.90","67.34","73.76","81.49","1871.53","0.86","","4.29","22.60","67.35","64.09","79.00","","49.68","57.11","39.78","20.87","22.07","98.32","82.10","37.54","96.47","99.95","10.00","","37.56","57.01","4.92","29.36","23.09","39.30","3.34","16.00","17.77","","3.75","0.05","33.48","22.47","48.43","","12000","13566","14313","13645","11894","10629","9713","8222","6662","5399","3745","12381","3327","2455","1894","1259","1123","132227","11391","13484","14931","14395","13082","12245","11609","10040","8478","7101","5422","11950","4985","3945","3370","2245","2625","151298","","1160","3883","122778","4586","22022","16488","16476","13960","208753","17181","57284","17747","191572","17991","40103","17529","151469","4845","4918","4955","24441","63644","18916","13484","8683","114473","85147","0","283525","283525","235803","27050","17181","191572","281018","","","","","","128.86","86.24","117.01","95.11","39.84","92.32","75.40","0.505","0.547","0.677","0.533","0.768","0.757"
"326116004","RPA 4 ( Oeste )","261160","RECIFE","RM Recife (PE)","62600","2000","70.86","1.84","33.50","42.51","90.53","78.09","47.21","5.90","9.33","5.21","3.67","9.51","4.19","10.02","5.75","11.54","27.50","20.47","113.57","123.80","85.40","27.94","90.20","93.75","36.91","15.36","45.71","83.75","43.05","16.94","90.31","96.19","92.87","41.71","9.65","14.81","61.08","42.32","63.31","56.22","54.36","31.93","38.73","40.73","41.25","16.00","125.80","226.44","438.10","1086.66","1952.09","0.62","7.15","12.04","22.91","34.60","44.04","57.61","46.97","2.12","66.25","6.69","15.09","33.75","74.02","28.08","19.80","749.58","79.46","3521.03","171.35","314.87","699.30","2482.95","751.36","47.02","86.22","135.91","0.75","0.80","17.14","5.79","0.01","66.49","1.00","7.89","21.75","3.40","61.55","46.57","8.38","18.58","64.84","51.01","19.41","1.33","42.88","64.63","72.49","84.28","1522.96","0.67","","4.63","28.64","67.89","66.41","81.75","","36.07","55.30","35.19","19.31","20.08","98.22","87.87","34.35","98.05","99.86","3.78","","33.41","54.29","3.81","25.35","19.84","35.15","2.95","15.30","13.97","","2.56","0.14","29.98","22.89","45.24","","10542","11898","12709","11843","10443","9597","9174","7801","6088","4821","3336","11031","2676","1873","1475","1049","893","117249","10155","11959","13037","12953","12218","11533","11148","9633","7989","6198","4634","10624","4039","3083","2678","1862","2023","135766","","1105","4310","114063","4121","19236","14425","14360","12488","186806","15050","50542","15636","171756","15956","35492","15634","136264","4088","4373","4417","21903","56189","14936","11959","7604","103028","77038","0","253015","253015","210663","23857","15050","171756","251585","","","","","","129.36","93.96","119.93","96.23","41.15","93.23","77.88","0.562","0.564","0.680","0.563","0.764","0.730"
"326116005","RPA 5 ( Sudoeste )","261160","RECIFE","RM Recife (PE)","62600","2000","69.79","2.03","36.70","46.54","89.69","76.43","48.47","6.41","9.12","6.91","4.63","10.69","5.32","11.22","6.93","12.73","29.48","21.56","116.04","126.28","87.27","13.25","90.53","93.51","33.69","7.21","45.19","83.89","37.45","12.66","91.23","95.30","92.30","45.74","10.60","16.15","59.82","39.04","57.94","50.21","48.21","24.79","31.99","32.84","33.06","6.75","117.13","196.51","337.71","634.43","1021.59","0.54","7.97","12.91","25.34","37.70","49.01","63.01","41.60","3.14","58.82","9.94","21.36","41.18","70.00","16.75","11.84","463.08","72.63","1926.36","157.44","264.49","458.91","1361.96","466.35","43.43","84.16","135.50","0.53","0.49","21.14","5.69","0.04","59.90","0.70","11.06","26.87","2.21","54.88","44.00","5.41","19.96","60.07","42.43","8.19","1.57","48.97","76.53","84.50","93.47","959.80","0.50","","5.14","29.60","69.55","63.48","79.47","","50.03","44.69","37.68","22.15","21.81","96.79","86.27","37.90","95.16","99.92","4.71","","35.25","54.81","4.70","27.30","21.08","41.53","3.17","17.65","16.01","","3.60","0.08","31.66","24.16","46.46","","10579","11592","12455","11611","10724","9541","9085","7675","5829","4671","3281","10864","2738","2059","1713","1191","921","116529","10323","11444","12627","12291","11813","10767","10658","9135","7424","6099","4705","10392","4238","3394","2890","1827","1927","131954","","1184","4368","106985","4198","18719","14040","14151","12454","183289","14756","48984","15390","168533","15395","34228","14736","134305","4250","4291","4393","21282","54757","15922","11444","7385","99795","74877","0","248483","248483","206325","23036","14756","168533","246243","","","","","","130.56","97.14","121.78","95.35","37.25","92.66","75.46","0.502","0.537","0.635","0.525","0.747","0.652"
"326116006","RPA 6 ( Sul )","261160","RECIFE","RM Recife (PE)","62600","2000","72.03","1.73","30.20","38.31","91.42","79.89","46.27","6.44","9.33","6.13","4.10","9.00","4.35","9.42","5.94","10.75","27.55","20.57","112.77","124.27","82.39","26.71","90.12","93.38","37.55","15.63","45.02","84.54","41.57","15.39","91.33","96.09","92.92","41.84","8.46","13.90","62.37","43.24","63.14","58.26","56.98","31.51","39.10","43.39","44.52","17.24","130.14","244.01","489.32","1399.00","2684.12","0.69","7.34","13.24","22.11","35.43","41.83","57.20","55.71","1.41","73.36","4.65","10.95","26.64","71.44","47.95","31.57","1101.75","77.77","6137.37","178.22","347.19","864.45","4041.09","1110.08","42.69","83.15","133.25","0.99","1.06","21.35","5.03","0.07","61.54","0.70","9.35","23.86","6.01","60.85","44.00","7.13","17.57","67.41","53.68","20.56","1.47","39.14","61.35","69.00","79.80","2175.31","0.88","","4.95","26.63","66.75","64.44","78.62","","30.47","48.51","33.93","18.52","19.82","97.40","82.18","33.27","94.62","99.92","9.76","","34.22","54.98","3.91","24.72","19.01","33.66","3.26","16.03","14.82","","2.77","0.08","33.00","23.16","49.40","","14455","16045","17636","16881","14465","13044","12453","10759","8423","7189","5260","14687","4212","3221","2499","1611","1330","164170","13889","15871","18590","18427","16775","15332","14989","12993","11409","9523","7263","14201","6257","4928","3956","2589","2636","189628","","1580","5581","157034","5728","26036","19324","19650","16860","264650","20959","71534","22102","243691","22609","50575","21899","193116","5756","5950","5824","28818","75813","22770","15871","10734","145667","108650","0","353798","353798","296566","31916","20959","243691","352439","","","","","","129.91","91.83","119.45","96.21","40.72","93.13","78.35","0.583","0.571","0.709","0.575","0.784","0.791"
"326034501","RPA 01 ( Sul )","260345","CAMARAGIBE","RM Recife (PE)","62600","2010","71.88","1.72","22.79","24.89","93.58","81.83","40.64","7.08","10.83","2.06","1.39","8.06","1.06","8.50","2.07","9.97","16.36","13.75","105.88","113.07","84.93","24.76","90.50","94.06","48.66","9.90","49.40","86.85","30.92","12.37","97.45","98.84","95.77","23.36","2.47","9.04","87.44","64.89","80.41","59.74","55.68","42.87","51.63","41.86","39.95","5.43","170.00","255.00","398.00","600.00","860.00","0.43","4.20","7.49","15.23","25.39","40.70","57.32","31.42","4.95","47.93","14.84","29.58","52.07","75.41","8.47","6.46","435.71","107.86","1368.81","215.42","321.20","489.92","1044.13","436.29","41.58","91.71","163.25","0.33","0.80","24.28","8.91","0.31","54.05","1.08","6.77","18.58","0.77","63.51","54.53","5.31","19.86","70.21","53.29","7.78","1.22","19.63","81.64","91.55","97.00","806.60","0.24","","3.01","21.03","67.93","61.59","79.30","","21.21","47.19","28.97","14.05","15.94","95.59","95.20","27.35","96.93","99.85","2.74","0.27","20.32","50.60","1.16","16.31","9.94","33.16","1.96","11.84","15.23","4.34","3.94","0.15","33.05","16.46","72.21","21.44","2190","2718","2728","2820","2952","2877","2698","2349","1983","1643","1270","2485","970","709","558","312","320","31582","2100","2709","2792","3048","3224","3234","3083","2705","2309","1991","1612","2426","1376","949","804","484","607","35453","","163","704","30216","825","4301","3221","3175","2566","52407","3347","11388","3331","49060","3326","8041","3372","41019","899","912","937","5125","12773","4743","2709","1714","28218","22378","0","67035","67035","57834","5427","3347","49060","66926","","","","","","119.69","119.45","119.63","98.75","62.72","97.03","89.34","0.597","0.732","0.700","0.684","0.781","0.642"
"326034502","RPA 02 ( Sudoeste )","260345","CAMARAGIBE","RM Recife (PE)","62600","2010","70.14","2.18","26.57","28.60","92.96","80.12","44.10","5.73","9.45","2.44","0.75","14.88","1.74","15.98","1.68","19.07","22.63","17.22","97.42","105.69","72.61","15.68","84.40","86.18","37.35","6.08","48.93","88.23","22.83","11.63","93.44","97.10","94.88","35.24","3.25","8.61","79.99","47.75","67.26","45.46","40.73","36.16","38.21","29.15","27.18","1.75","144.00","211.00","303.00","506.67","625.00","0.39","4.55","7.06","19.87","28.43","51.94","64.44","28.65","5.79","44.89","16.52","31.92","55.11","76.06","6.94","5.44","330.89","95.74","948.12","177.54","254.74","383.68","742.72","331.27","31.48","95.35","159.81","0.28","0.97","16.38","14.83","0.08","52.46","1.98","7.01","17.68","0.53","60.07","53.35","4.08","23.83","54.86","37.59","2.68","0.69","22.59","88.06","94.79","98.58","679.89","0.23","","3.81","25.69","66.66","62.90","80.21","","51.32","45.36","38.63","18.95","20.64","90.94","90.84","29.27","92.71","99.60","4.59","0.81","35.02","51.07","2.90","29.56","20.07","42.12","1.46","16.76","24.33","8.91","3.31","0.40","42.13","21.87","63.28","29.01","1089","1402","1313","1255","1343","1334","1187","1031","800","660","473","1252","438","285","223","121","131","14337","1088","1322","1342","1368","1375","1432","1339","1092","888","714","565","1182","518","366","275","131","159","15156","","104","422","12904","411","2143","1603","1583","1334","22158","1643","5278","1576","20515","1554","3635","1581","16880","432","462","472","2553","6339","1691","1322","809","11564","8854","0","29493","29493","24882","2724","1643","20515","29066","","","","","","121.08","95.00","114.55","97.28","44.40","94.35","77.32","0.455","0.643","0.636","0.573","0.752","0.598"
"326034503","RPA 03 ( Sudeste )","260345","CAMARAGIBE","RM Recife (PE)","62600","2010","73.21","1.67","19.90","22.05","94.06","83.14","39.07","6.24","10.81","2.12","0.00","7.58","1.86","8.07","0.00","9.41","16.45","13.46","101.24","108.66","78.40","31.30","86.25","87.62","45.69","12.13","46.76","90.18","31.96","10.97","92.80","94.60","93.51","27.01","2.30","7.97","84.08","59.57","79.32","59.12","54.78","44.74","54.24","44.41","42.30","6.70","170.00","300.00","424.00","662.50","1000.00","0.46","5.11","10.00","13.41","20.87","36.70","53.18","34.86","4.22","51.05","13.47","27.97","48.95","78.55","10.35","7.58","489.71","103.23","1707.02","226.58","355.04","513.65","1250.04","490.01","30.00","77.28","155.17","0.40","0.78","18.39","7.03","0.00","61.34","1.06","5.49","20.40","0.34","65.57","53.58","9.03","16.65","67.86","53.65","10.57","0.34","16.62","75.76","88.87","96.18","935.01","0.32","","2.40","14.87","60.72","60.07","74.62","","40.09","46.54","32.57","13.72","19.71","97.15","96.20","24.33","98.72","100.00","1.52","0.83","23.88","53.24","5.40","18.93","9.78","32.58","2.10","15.42","17.52","4.83","4.19","0.00","44.58","19.53","87.52","28.38","504","693","636","746","678","725","649","597","445","391","299","560","225","155","111","70","61","7545","522","605","675","752","770","801","732","639","577","449","367","598","305","218","188","114","78","8390","","31","118","7004","213","1012","768","729","601","12453","794","2809","791","11659","792","2015","867","9644","212","229","229","1215","3021","995","605","397","6665","5238","0","15935","15935","13751","1298","794","11659","15926","","","","","","119.02","112.02","117.30","94.44","58.46","94.40","80.65","0.591","0.703","0.706","0.663","0.804","0.661"
"326034504","RPA 04 ( Centro Leste )","260345","CAMARAGIBE","RM Recife (PE)","62600","2010","70.41","1.97","25.98","28.03","93.06","80.39","44.33","5.16","9.02","2.74","1.20","13.92","1.74","15.05","6.07","18.25","23.63","17.18","96.57","113.44","55.85","12.59","81.04","87.89","28.08","5.16","49.23","86.04","30.76","8.78","95.67","97.98","94.48","33.80","2.90","8.45","84.65","40.12","69.83","46.55","40.95","26.01","37.51","27.97","25.67","2.25","140.00","232.50","308.25","500.00","600.00","0.41","8.03","14.29","20.63","33.85","48.62","67.49","30.55","4.73","46.09","15.26","31.38","53.91","76.32","8.01","6.04","334.93","79.21","1023.27","176.26","270.07","377.27","771.85","335.43","32.79","80.71","149.02","0.34","0.61","15.79","12.89","0.00","53.94","0.36","6.75","17.72","0.55","59.25","55.04","1.14","24.25","51.21","33.22","2.60","1.67","20.35","92.84","97.02","98.96","622.96","0.17","","4.40","14.19","65.37","64.03","71.60","","38.36","42.48","28.96","15.26","15.52","92.61","92.61","36.16","87.56","100.00","6.96","1.00","25.70","50.77","2.02","25.33","11.53","39.63","5.50","19.32","18.29","5.14","3.42","0.00","35.25","22.68","64.72","21.05","561","719","730","651","645","663","577","500","417","298","251","664","204","119","83","37","56","7175","497","721","684","706","677","737","628","529","427","385","338","629","233","164","135","76","96","7662","","63","127","6500","216","1139","863","852","614","11046","895","2771","852","10151","788","1876","802","8275","228","227","251","1367","3401","766","721","440","5815","4425","0","14837","14837","12486","1440","895","10151","14836","","","","","","129.21","103.17","121.58","98.61","40.12","94.48","83.73","0.466","0.616","0.634","0.561","0.757","0.600"
"326034505","RPA 05 ( Norte )","260345","CAMARAGIBE","RM Recife (PE)","62600","2010","74.75","1.53","16.56","18.77","94.61","84.66","43.23","5.90","9.75","4.29","1.20","16.80","2.96","17.95","5.65","21.22","21.16","15.28","98.38","106.54","73.07","18.35","82.95","87.18","31.12","8.77","50.46","85.91","33.39","4.41","89.51","95.33","93.03","26.90","4.61","10.45","74.48","41.83","67.27","48.94","44.94","26.63","36.10","33.27","32.65","10.39","153.00","250.00","350.00","750.00","2380.00","0.72","7.13","10.94","18.42","30.91","45.03","59.38","64.43","1.80","77.85","5.79","11.89","22.15","60.44","44.54","26.91","962.97","86.43","6204.76","192.18","293.95","493.75","3748.51","968.95","29.28","81.19","152.11","1.05","4.79","12.80","9.80","0.00","58.62","0.64","6.09","17.39","2.83","58.48","48.58","3.74","24.81","54.08","41.14","13.78","3.82","18.85","74.23","80.06","86.18","1454.88","0.62","","5.67","21.28","52.07","58.58","71.90","","33.85","50.65","20.26","10.35","14.22","85.24","83.50","29.38","93.05","100.00","10.72","2.44","37.83","49.54","4.67","29.90","20.33","39.01","3.08","16.84","18.76","4.05","3.06","0.00","40.66","28.00","81.10","19.47","638","795","777","760","762","812","705","621","508","406","334","725","246","188","134","77","85","8573","566","766","738","807","864","801","721","615","496","420","326","678","266","205","131","73","120","8593","","89","192","7087","219","1220","917","925","727","12998","900","3082","885","12098","908","2182","945","9916","258","290","273","1454","3574","1013","766","417","6583","5038","0","17166","17166","14559","1561","900","12098","17025","","","","","","120.49","111.86","118.39","96.22","41.09","93.38","83.84","0.489","0.581","0.705","0.549","0.829","0.770"
"326079001","Regional 01 ( Centro )","260790","JABOATÃO DOS GUARARAPES","RM Recife (PE)","62600","2010","71.31","1.80","24.03","26.11","93.38","81.27","43.09","6.53","9.49","2.69","1.27","11.44","3.14","12.21","6.03","14.13","24.05","19.43","111.11","124.31","74.53","16.16","90.27","95.00","40.27","7.52","52.83","89.39","31.14","14.28","93.24","97.78","95.55","33.79","4.74","10.06","79.70","50.73","74.88","51.24","46.22","40.33","45.26","33.22","30.67","3.39","137.86","218.57","333.33","510.00","740.00","0.47","7.44","11.88","20.31","30.57","49.78","65.91","36.29","4.16","51.75","13.24","27.10","48.25","67.43","10.96","7.82","388.60","80.90","1410.19","176.41","269.28","410.92","1005.49","390.45","34.65","81.72","151.39","0.41","2.50","19.30","9.23","0.25","50.00","1.26","11.31","17.45","0.64","57.15","52.15","2.70","25.32","60.76","42.00","4.68","2.57","24.60","85.51","94.07","98.09","707.42","0.24","","3.43","16.16","65.11","58.96","71.89","","22.14","65.93","31.71","16.28","17.58","82.54","82.30","27.73","92.91","99.96","11.86","2.29","32.12","47.17","2.22","26.08","16.99","40.02","2.65","21.93","17.18","8.21","4.79","0.04","32.37","25.06","77.31","31.06","3965","5108","4985","4935","4677","4536","4354","3893","3424","2805","2103","4567","1489","1115","850","480","498","53784","3829","4841","5048","5131","5278","5051","5001","4553","3814","3351","2486","4281","1909","1566","1233","748","880","59000","","341","989","47211","1527","7836","5801","5865","4637","86193","6120","20099","6061","80073","5791","13979","5734","66094","1630","1644","1786","9317","23273","7370","4841","3069","46049","35870","5797","112784","106987","96142","9949","6120","80073","112664","","","","","","133.62","101.96","125.23","97.64","49.02","95.77","81.48","0.512","0.660","0.663","0.606","0.772","0.624"
"326079002","Regional 02 ( Cavaleiro )","260790","JABOATÃO DOS GUARARAPES","RM Recife (PE)","62600","2010","71.07","1.95","24.55","26.62","93.29","81.04","43.94","6.39","9.69","1.79","0.47","9.94","2.37","10.68","3.84","12.41","21.70","18.14","107.52","118.92","75.22","17.16","87.13","92.32","38.19","7.03","49.94","87.68","30.65","15.05","97.15","97.49","94.93","30.26","3.47","8.53","85.04","48.39","71.79","51.19","46.89","38.70","43.60","31.38","28.83","2.45","140.80","222.40","327.50","510.00","706.67","0.44","8.52","13.96","20.00","32.33","49.22","66.67","32.76","4.40","48.48","14.35","29.20","51.52","70.54","9.13","6.76","364.85","80.27","1195.41","181.55","270.83","407.11","884.47","366.03","40.25","80.18","152.37","0.36","0.59","23.03","7.13","0.08","50.17","0.68","10.22","21.09","0.22","60.67","54.63","2.95","20.26","61.84","41.31","3.87","0.98","25.45","87.14","95.10","98.59","674.62","0.23","","4.18","17.14","64.60","58.16","70.87","","64.79","48.13","24.80","14.56","18.42","87.46","85.66","28.04","91.08","99.76","8.26","0.21","30.68","50.06","2.51","26.47","16.44","39.82","2.17","19.16","15.96","6.46","3.35","0.24","33.46","21.82","72.60","25.03","4030","5099","4937","4860","4529","4581","4336","3950","3260","2516","2000","4423","1499","1118","779","421","492","52830","3980","5002","4810","5046","5159","5070","4877","4424","3906","3014","2507","4341","2090","1524","1119","747","918","58534","","422","1039","45614","1537","7987","6006","5958","4868","84489","6061","19653","5862","78428","5652","13592","5734","64836","1605","1695","1643","9183","23231","7118","5002","2992","45211","35355","0","111364","111364","94590","10101","6061","78428","111296","","","","","","131.72","126.70","130.41","97.73","46.71","94.54","88.67","0.512","0.673","0.662","0.614","0.768","0.614"
"326079003","Regional 03 ( Curado )","260790","JABOATÃO DOS GUARARAPES","RM Recife (PE)","62600","2010","73.47","1.61","19.34","21.50","94.15","83.40","37.77","5.46","10.48","2.23","1.91","4.82","0.80","5.01","1.49","5.89","20.20","12.70","98.80","114.56","53.63","30.20","85.40","89.82","28.33","12.09","53.82","90.12","31.97","16.53","91.16","96.75","95.03","37.25","3.62","4.87","82.18","51.65","77.32","68.04","66.09","44.58","53.98","48.21","46.99","6.00","170.00","290.00","495.00","750.00","1100.00","0.47","6.67","9.34","16.04","25.21","36.85","53.12","33.90","3.60","50.49","12.19","27.08","49.51","75.97","11.13","8.29","527.90","95.11","1789.64","226.55","393.18","592.10","1332.57","530.62","33.35","79.85","151.22","0.42","0.31","20.53","4.66","0.00","53.38","0.74","11.14","16.70","0.30","70.85","63.22","4.71","14.12","77.34","58.04","9.17","0.95","16.10","73.00","88.26","95.49","943.98","0.26","","5.18","14.87","63.46","63.16","73.48","","25.33","23.42","35.11","14.50","15.35","92.44","92.32","21.48","95.79","99.95","2.80","0.33","21.00","46.18","3.25","15.92","9.88","25.51","1.56","10.71","18.09","4.20","2.63","0.05","39.48","13.54","68.02","23.13","1708","1973","2040","2292","2388","2074","1825","1599","1493","1308","1031","1924","746","431","299","156","148","23435","1634","1965","2038","2376","2556","2455","2125","1985","1915","1702","1329","1742","916","615","419","301","355","26428","","204","362","23042","623","3092","2321","2290","2017","38917","2435","8746","2434","36482","2534","6311","2622","30171","702","774","711","3738","9265","2724","1965","1223","21087","16673","0","49863","49863","42855","3938","2435","36482","49722","","","","","","128.68","137.75","131.03","97.11","48.56","95.89","87.06","0.680","0.674","0.716","0.676","0.808","0.673"
"326079004","Regional 04 ( Muribeca )","260790","JABOATÃO DOS GUARARAPES","RM Recife (PE)","62600","2010","71.47","1.85","23.68","25.77","93.44","81.43","45.04","4.27","9.54","5.25","5.37","9.91","2.04","10.27","5.50","12.10","19.83","15.69","100.62","111.72","65.81","17.88","87.96","93.71","38.56","7.45","42.90","82.87","26.49","10.87","91.77","96.40","93.13","27.96","2.15","7.57","83.25","53.23","71.97","59.53","56.75","41.40","41.05","40.74","40.67","3.65","140.00","236.67","350.00","555.00","789.75","0.44","6.81","8.99","20.09","30.60","46.64","61.73","31.57","4.31","48.55","13.75","28.85","51.45","76.87","9.19","7.06","385.04","82.88","1215.52","181.76","290.71","435.20","934.66","387.87","33.26","83.04","149.01","0.36","1.99","24.11","7.20","0.85","49.64","2.29","10.01","19.17","0.44","57.18","51.93","2.85","23.74","65.43","47.64","4.62","2.20","25.25","83.52","93.74","98.17","714.37","0.25","","3.80","26.70","70.14","67.23","79.41","","8.93","28.72","29.52","13.33","12.98","84.92","83.82","28.09","94.97","99.87","11.56","1.78","27.75","57.10","3.60","21.51","16.12","32.75","3.46","21.86","18.33","6.92","3.07","0.13","35.94","22.81","85.85","29.00","1986","2349","2111","1988","2108","1968","1770","1654","1356","1169","821","2155","609","358","221","144","103","22870","1964","2289","2132","2253","2301","2223","2083","1898","1651","1367","969","2119","685","447","340","213","226","25160","","176","701","21879","794","3680","2739","2736","2367","35168","2624","8484","2565","32544","2416","5860","2432","26684","789","874","849","4358","10662","2052","2289","1329","18788","14403","5077","48030","42953","39806","4638","2624","32544","47994","","","","","","120.85","103.88","116.74","96.23","50.59","93.39","83.31","0.595","0.674","0.679","0.647","0.775","0.623"
"326079005","Regional 05 ( Prazeres )","260790","JABOATÃO DOS GUARARAPES","RM Recife (PE)","62600","2010","71.85","1.75","22.86","24.95","93.57","81.80","44.03","5.72","8.96","3.87","2.19","9.57","1.81","10.15","5.85","12.07","25.64","20.13","103.72","117.11","65.02","13.85","86.93","92.78","34.20","5.90","46.50","82.68","27.02","11.37","91.50","95.92","92.52","32.14","3.58","8.87","78.01","46.19","72.69","53.97","49.67","35.59","44.07","33.52","31.10","3.25","155.50","246.00","342.33","510.00","710.00","0.46","5.71","9.66","17.35","28.16","44.61","61.31","36.26","4.67","50.90","14.22","28.26","49.10","75.61","10.20","7.16","409.96","95.69","1486.64","195.80","287.80","427.15","1043.34","411.08","39.88","87.41","156.86","0.38","0.89","21.35","8.44","0.33","45.11","1.76","13.51","20.39","0.60","58.65","54.49","1.73","21.22","60.03","40.36","4.06","1.94","21.89","86.43","94.36","97.74","738.81","0.25","","2.70","21.08","67.83","62.81","77.95","","31.42","35.25","24.64","13.51","15.55","90.89","88.44","30.26","94.81","100.00","6.05","0.52","29.08","53.50","4.08","24.68","15.18","35.62","2.65","21.87","14.91","2.60","3.11","0.00","33.73","21.79","48.68","12.50","3546","4252","4065","4156","4003","3854","3442","2989","2518","2040","1519","3936","1131","823","582","320","334","43510","3301","4190","4260","4497","4354","4307","4025","3669","3047","2545","1920","3640","1552","1157","889","575","588","48516","","228","1079","40226","1255","6666","5002","4952","4174","69161","5117","16978","5052","64044","4817","11861","4924","52183","1418","1405","1446","7947","19730","5268","4190","2618","37385","28628","3151","92026","88875","77603","8442","5117","64044","91970","","","","","","126.42","104.88","120.88","95.83","43.20","92.31","80.12","0.540","0.628","0.666","0.597","0.781","0.633"
"326079006","Regional 06 ( Praias )","260790","JABOATÃO DOS GUARARAPES","RM Recife (PE)","62600","2010","75.55","1.46","14.82","17.06","94.89","85.45","39.27","5.96","9.93","2.28","2.37","5.79","2.24","6.03","1.59","6.79","19.14","15.70","102.98","112.46","76.88","53.65","87.02","91.75","42.70","22.95","51.17","84.55","39.03","20.28","96.04","97.22","93.84","24.99","2.85","6.31","84.47","57.97","78.49","70.93","69.42","47.72","57.01","56.63","56.55","20.43","200.00","375.00","733.33","1500.00","2627.50","0.62","3.57","7.24","11.24","20.38","29.12","45.47","48.37","2.10","65.68","6.86","16.14","34.32","74.99","28.19","19.14","1163.37","122.03","5627.39","277.25","539.49","1057.75","3820.33","1166.82","35.99","85.67","157.21","0.75","0.73","21.38","7.23","0.23","56.42","1.28","7.54","20.45","3.26","64.74","51.82","5.85","17.50","76.73","63.83","22.46","1.26","14.56","58.46","70.12","81.27","1864.70","0.60","","4.54","22.48","65.18","68.89","80.94","","30.18","34.31","20.18","9.67","10.61","92.26","90.99","21.36","97.20","100.00","5.10","0.73","24.55","48.83","2.78","16.32","10.61","22.82","2.39","14.05","11.12","1.61","1.38","0.00","34.15","17.07","66.19","11.61","5694","6745","6559","7211","7428","7033","6055","5636","5002","4293","3208","5963","2426","1554","1069","606","637","77119","5648","6660","6746","7878","8291","8000","7397","6514","6153","5130","4067","5883","3127","2123","1524","1039","1259","87439","","609","1814","82596","2238","10630","8013","7953","6786","127965","8069","28394","8054","119896","8116","20325","8390","99571","2318","2277","2291","12344","31043","9811","6660","4083","69248","54624","0","164558","164558","141370","13405","8069","119896","164095","","","","","","121.11","112.94","118.93","97.39","55.31","94.21","89.27","0.709","0.716","0.784","0.714","0.843","0.800"
"326079007","Regional 07 ( Guararapes )","260790","JABOATÃO DOS GUARARAPES","RM Recife (PE)","62600","2010","70.31","1.90","26.20","28.24","93.02","80.29","46.27","5.68","9.06","4.75","2.34","10.77","4.18","11.45","4.72","13.03","21.71","17.35","113.24","123.83","82.48","13.81","84.42","89.75","36.82","5.54","50.24","79.17","26.16","16.70","93.37","94.47","90.55","28.17","6.42","8.13","81.57","50.30","67.08","48.58","44.55","33.24","40.43","28.98","26.49","1.65","127.50","210.50","302.50","497.50","625.00","0.49","8.03","11.33","24.48","37.14","51.44","67.82","38.62","4.08","53.09","12.88","26.54","46.91","78.18","11.99","8.24","375.99","76.66","1452.08","165.46","256.73","383.04","998.07","376.18","34.73","86.78","147.26","0.46","0.31","21.81","9.62","0.03","51.04","1.25","11.28","21.90","0.58","58.19","53.98","1.45","21.49","55.41","35.31","2.28","0.61","22.24","87.36","95.15","98.22","781.84","0.35","","3.08","23.89","65.11","62.67","78.89","","26.01","51.90","30.18","15.65","17.10","85.86","84.03","33.11","97.24","100.00","12.21","0.68","33.59","49.76","5.53","27.42","18.55","40.81","5.15","25.72","22.46","2.40","3.55","0.00","41.87","27.71","58.84","9.19","2610","3148","2930","2813","2930","2849","2536","2173","1651","1387","1044","2937","846","554","432","234","228","31302","2605","3049","2915","3077","3220","3242","2814","2378","2085","1724","1362","2782","1142","861","613","363","461","34693","","191","856","28378","983","4880","3715","3581","3126","48864","3583","11735","3575","45281","3415","8152","3458","37129","1106","1114","1110","5922","14385","3746","3049","1778","26257","20265","0","65995","65995","55061","6197","3583","45281","65963","","","","","","131.69","111.12","126.42","95.19","46.26","90.65","85.07","0.486","0.646","0.650","0.588","0.755","0.619"
"326116001","RPA 1 ( Centro )","261160","RECIFE","RM Recife (PE)","62600","2010","73.75","1.54","18.73","20.90","94.25","83.67","43.22","8.92","9.34","3.08","2.05","8.54","2.07","8.96","2.81","10.50","19.12","13.99","108.02","117.67","80.82","48.22","89.17","92.63","40.67","19.88","51.69","83.43","39.31","22.31","95.96","96.55","93.11","34.32","3.96","8.26","87.06","48.96","76.55","63.27","60.30","40.49","48.81","45.76","45.08","17.53","151.43","277.50","505.50","1036.67","2000.00","0.65","6.90","15.10","18.00","35.56","37.71","62.96","52.94","1.91","68.87","6.62","15.17","31.13","64.51","31.99","20.81","892.79","85.40","4726.70","210.12","381.50","712.56","3074.38","895.94","33.65","78.53","140.53","0.83","0.35","20.70","4.97","0.07","60.90","1.95","5.21","24.50","1.81","60.76","46.99","7.98","17.80","70.48","52.63","20.51","1.06","20.32","69.70","79.13","87.48","1324.16","0.53","","3.69","24.16","62.29","62.82","77.46","","45.06","48.07","28.37","13.16","17.76","93.06","89.80","32.60","95.72","99.91","2.56","2.92","32.13","48.31","3.45","21.99","12.69","30.11","2.77","20.34","15.18","0.71","4.65","0.09","36.66","20.22","75.55","4.75","2444","3173","3212","3575","3511","2925","2578","2383","2206","1934","1380","2804","1148","772","596","367","430","35438","2391","3089","3469","4088","4032","3426","2956","2857","2736","2423","1994","2699","1710","1350","1206","912","1338","42676","","231","953","36166","969","5006","3791","3721","2848","61514","3943","14344","3988","57571","4214","10401","4329","47170","1018","1031","1095","5728","14677","6971","3089","2018","34497","26940","0","78114","78114","67776","6262","3943","57571","77381","","","","","","125.59","112.37","122.13","96.72","45.79","93.58","90.10","0.633","0.681","0.743","0.665","0.813","0.758"
"326116002","RPA 2 ( Norte )","261160","RECIFE","RM Recife (PE)","62600","2010","73.38","1.58","19.53","21.69","94.12","83.31","43.46","7.82","9.73","2.71","1.60","7.45","1.73","7.85","4.31","9.10","19.50","15.93","106.28","113.72","84.49","32.38","87.15","91.11","41.76","13.59","51.44","83.33","35.75","16.38","92.96","96.94","93.47","26.12","4.46","9.29","84.83","54.81","76.44","61.75","58.77","42.18","48.91","44.42","43.50","12.93","153.33","255.00","416.00","800.00","1436.67","0.60","5.98","10.04","17.84","29.63","40.10","57.72","49.87","2.63","65.46","8.63","18.30","34.54","74.08","23.12","15.18","689.13","90.56","3436.36","206.66","333.37","559.43","2255.61","689.86","35.05","83.63","148.87","0.69","0.18","20.26","6.15","0.00","59.11","1.83","6.53","21.46","1.44","64.38","52.52","6.81","17.19","69.52","53.18","15.45","0.78","19.01","73.91","83.48","90.64","1256.72","0.54","","4.75","22.39","62.10","63.86","78.81","","58.41","48.42","31.42","15.38","19.05","96.05","94.18","32.16","97.06","99.81","1.93","2.46","27.73","48.56","3.06","19.70","12.62","30.34","3.28","16.41","15.74","2.01","2.96","0.19","34.06","17.13","58.93","11.48","7682","9285","9303","9302","9466","8724","7981","7366","6470","5325","4112","8376","3116","2125","1546","997","1146","102322","7345","9030","9316","10136","10396","10013","9169","8899","7883","6886","5661","7996","4687","3491","3063","2107","2834","118912","","870","2521","102343","2878","14452","10718","10852","9079","171520","11259","38057","11225","160261","11184","26798","11368","133463","3070","3072","3117","17163","42874","17309","9030","5600","94541","75089","0","221234","221234","189835","18315","11259","160261","220853","","","","","","123.17","110.43","119.93","96.77","53.19","93.69","88.60","0.618","0.687","0.726","0.663","0.806","0.716"
"326116003","RPA 3 ( Noroeste )","261160","RECIFE","RM Recife (PE)","62600","2010","74.45","1.44","17.21","19.41","94.50","84.36","41.22","8.38","9.97","2.78","2.26","7.15","2.30","7.48","2.53","8.53","19.77","15.04","111.49","119.20","90.91","46.17","90.27","92.85","47.41","22.72","52.31","88.85","42.73","17.66","94.41","96.94","94.74","29.71","2.78","9.78","86.53","58.91","79.71","66.99","64.40","47.99","55.01","50.80","49.95","23.63","172.00","302.50","516.00","1750.00","3800.00","0.71","4.67","8.12","12.81","22.48","34.78","52.86","58.70","1.52","77.06","4.72","10.28","22.94","66.99","49.77","32.67","1458.11","110.75","8559.53","233.19","405.39","923.05","5618.14","1459.25","37.09","83.32","155.64","1.07","1.01","16.18","5.88","0.10","63.28","1.20","5.74","18.74","3.25","67.13","51.42","8.83","16.99","75.73","60.65","28.34","1.17","15.20","63.06","71.33","78.85","2223.11","0.78","","3.99","17.03","62.99","65.50","80.81","","40.98","52.73","27.43","12.38","14.84","93.79","92.56","25.36","97.35","99.94","3.10","1.61","22.07","47.69","3.06","16.03","10.01","25.97","2.56","13.62","14.28","2.25","3.31","0.06","36.37","15.45","68.69","15.28","9832","12618","13006","14005","13176","11980","11149","10582","9378","8023","6114","10736","4670","3229","2488","1583","1864","144433","9673","11935","12897","14830","14823","13954","13422","12527","11810","10168","8346","10329","6769","5102","4378","3095","4490","168548","","980","2652","152145","3911","19579","14404","14847","11555","247858","15575","54738","15532","232283","15845","39163","16498","193120","4039","4196","3940","21843","56997","26229","11935","7710","136611","108884","0","312981","312981","272411","24553","15575","232283","312116","","","","","","126.50","119.58","124.61","97.15","56.73","95.34","88.96","0.670","0.720","0.786","0.703","0.824","0.837"
"326116004","RPA 4 ( Oeste )","261160","RECIFE","RM Recife (PE)","62600","2010","75.52","1.48","14.89","17.13","94.88","85.42","38.47","7.36","10.00","3.20","1.22","7.05","1.51","7.43","2.72","8.65","19.73","15.11","106.61","116.68","79.66","50.23","90.04","92.29","49.60","23.19","55.84","89.90","39.88","20.81","95.05","97.06","95.11","29.17","4.03","7.00","85.71","61.07","80.23","68.63","66.23","52.87","59.97","54.34","53.17","21.81","196.67","340.00","600.00","1360.67","2500.00","0.62","4.25","8.62","11.64","22.13","29.17","47.13","48.11","2.29","66.05","7.48","16.32","33.95","72.69","25.72","17.65","1037.03","118.56","4989.54","269.48","458.29","914.07","3424.73","1038.30","39.10","83.73","154.30","0.73","0.46","18.16","5.58","0.12","61.06","1.55","6.31","17.54","2.43","65.17","50.61","8.83","19.74","75.95","62.79","25.95","1.07","16.92","62.75","73.20","83.60","1659.11","0.59","","2.69","21.07","64.58","66.89","81.28","","21.14","44.82","25.79","11.29","12.73","95.50","94.67","22.22","98.54","99.92","1.97","0.98","21.53","44.16","2.94","15.54","9.19","24.81","2.29","12.40","11.02","1.19","1.90","0.08","34.53","13.77","60.66","9.44","9002","10686","11278","12651","12670","11269","9879","9174","8419","7095","5423","9353","4099","2571","1896","1224","1358","128047","8637","10463","11414","13904","14159","13120","12009","11365","10638","9391","7635","8816","5857","4231","3475","2392","3394","150900","","569","2831","139500","3594","16818","12574","12698","10475","221990","13438","49247","13574","208552","14271","35809","15020","172743","3570","3482","3564","19018","49274","20541","10463","6714","122984","97666","0","278947","278947","243139","21149","13438","208552","278029","","","","","","124.67","109.08","120.43","97.02","58.15","95.42","89.66","0.686","0.737","0.780","0.720","0.842","0.782"
"326116005","RPA 5 ( Sudoeste )","261160","RECIFE","RM Recife (PE)","62600","2010","73.94","1.59","18.32","20.50","94.32","83.86","41.18","7.82","9.62","2.27","1.43","6.98","2.70","7.34","2.84","8.29","20.24","15.57","106.86","116.21","80.35","31.63","87.54","91.45","39.86","12.89","57.70","84.94","33.01","17.33","95.91","97.09","93.92","29.61","3.31","8.32","85.13","54.76","75.32","62.61","60.03","39.31","47.56","44.64","44.05","9.50","170.00","300.00","480.00","787.50","1276.29","0.52","5.09","9.30","14.25","25.95","35.03","53.06","39.88","3.46","56.40","11.21","23.62","43.60","68.92","14.23","10.06","603.36","104.34","2406.23","233.76","374.50","602.76","1701.44","603.62","34.88","82.59","153.21","0.50","0.36","22.95","5.78","0.11","54.79","1.62","8.02","20.41","1.29","61.76","52.37","5.26","19.46","71.96","54.88","12.15","1.36","21.49","74.97","86.01","93.68","982.07","0.37","","4.61","20.38","67.58","63.14","79.80","","30.43","43.58","26.91","13.10","14.49","96.31","94.78","27.12","97.55","99.94","1.81","0.65","22.30","42.30","2.91","17.63","10.14","30.41","3.04","13.15","13.37","1.81","3.11","0.06","35.36","15.13","63.60","11.73","8438","10572","10954","11931","11758","10479","9749","8896","8294","6911","5148","9558","3813","2568","1966","1249","1499","123783","8286","10357","10736","11878","11919","11729","11166","10402","10025","8541","6999","9101","5507","4247","3528","2394","3180","139995","","965","2670","122723","3274","16572","12395","12457","9960","207466","13099","45499","12950","194367","13186","32400","13598","161967","3490","3638","3578","19378","49049","20631","10357","6421","112251","89637","0","263778","263778","228395","20929","13099","194367","259696","","","","","","125.60","116.75","123.29","97.32","51.74","94.42","89.36","0.626","0.688","0.723","0.667","0.816","0.695"
"326116006","RPA 6 ( Sul )","261160","RECIFE","RM Recife (PE)","62600","2010","75.67","1.41","14.56","16.81","94.94","85.57","40.70","8.75","10.05","2.07","1.26","6.06","1.67","6.36","2.01","7.24","16.54","13.52","105.18","113.44","82.61","50.86","89.42","92.40","48.78","23.35","55.78","89.26","41.03","18.89","96.74","97.30","95.15","24.99","3.23","7.26","87.27","63.15","79.46","69.92","68.12","50.49","57.93","55.30","54.81","23.75","205.50","375.00","700.00","1940.00","3600.00","0.71","3.86","7.75","10.26","19.76","27.49","44.77","58.79","1.54","74.78","5.00","11.16","25.22","63.43","47.05","29.93","1650.30","127.48","9702.10","284.90","508.54","1160.18","6170.42","1652.60","36.02","81.51","157.73","1.03","1.05","20.51","5.56","0.24","57.13","1.23","7.16","21.50","4.56","64.94","50.16","7.10","15.71","76.78","63.66","27.29","1.20","15.23","59.47","68.75","77.66","2320.62","0.76","","3.77","18.97","63.08","65.09","79.43","","29.27","43.74","21.76","10.27","10.63","94.36","92.57","22.73","98.14","99.96","3.24","1.05","19.03","44.22","2.70","14.54","7.91","23.81","2.75","11.27","9.52","1.63","1.97","0.04","31.62","13.64","59.70","14.28","11731","14548","14867","16070","16382","15196","13463","12813","11841","10200","7582","12743","6208","4396","3276","2166","2314","175796","11385","14343","15122","17524","18860","17559","16092","15129","14514","12871","10682","12466","8987","6847","5492","3875","5106","206854","","1089","3413","187096","4516","22966","17031","17288","13759","305434","17992","63583","17970","287442","18261","45591","18865","241851","4841","5002","4784","26132","67090","33472","14343","9087","168660","136014","0","382650","382650","334325","28891","17992","287442","382197","","","","","","121.20","109.05","117.94","97.34","60.40","95.32","89.44","0.699","0.744","0.808","0.729","0.845","0.856"
